Feature1,Feature2,Feature3,Target
-2.50919762305275,5.355402001866508,4.715326909010507,-10.485152006368812
9.014286128198322,2.3293112825797975,-1.6865299289694926,23.409642531680962
4.639878836228101,5.760395702011927,-0.1795894188791749,0.7050324945604011
1.973169683940732,6.221171490567646,-3.0390228726160706,-16.558767807130177
-6.87962719115127,6.11958089586208,1.107800710757683,-39.419495619649524
-6.880109593275947,7.161561451109243,-2.193167844840257,-64.62590508603506
-8.83832775663601,6.667844309097808,-2.9300742156157322,-64.25049385889542
7.323522915498703,5.918360158456873,0.1657262844597902,12.926882216941138
2.0223002348641756,4.859668577082706,-4.944942008395792,-10.379294026448692
4.161451555920909,1.6780781329680172,-4.923359673507747,-0.6946597597669348
-9.588310114083951,5.859236438265172,-2.8093119089814222,-70.93233711930354
9.398197043239886,5.4153753743262225,-4.632786374991788,15.179646529827984
6.648852816008436,5.543157674390747,-3.9197424586930865,-1.050358620652815
-5.753217786434477,2.446502848359381,-1.611393506612484,-39.52349999949283
-6.363500655857988,2.8378869191834752,3.025856795798129,-31.037676737952236
-6.331909802931324,7.1063057066658075,0.7204864336930079,-46.12821025261595
-3.9151551408092455,4.92088969228669,0.12667725956416387,-33.193658443659785
0.49512863264475726,6.363001394745249,-2.0651117679187836,-32.26654347498963
-1.3610996271576852,5.056636752260922,4.317537194328164,-7.493903392321519
-4.175417196039161,5.05951227899149,-1.0298495876280835,-27.56552958999367
2.23705789444759,6.876567611951995,-4.129072332042285,-16.682005965452667
-7.210122786959163,3.967910543565252,1.1706651611780128,-44.09132080830046
-4.157107029295637,5.192241553881967,-3.861616065233986,-40.93584257903401
-2.672763134126166,4.075449422589915,-1.5477685719830792,-26.045544524387857
-0.8786003156592805,4.131007545135369,0.0741193871780883,-12.765213175877502
5.703519227860273,4.381655753062721,3.742225246851758,20.495262589546847
-6.006524356832806,5.444267543267426,-0.06453419659881376,-44.1588374442236
0.28468876827223255,4.042502756673045,2.022587660316643,-6.533600094229117
1.8482913772408498,7.511512251147042,4.928168389990704,-2.998632441420111
-9.070991745600045,3.2107853955609924,-3.685108801020184,-46.00742916038969
2.1508970380287664,4.626256711677282,-2.252684744804805,-6.258018773402775
-6.58951752625417,4.12053788345165,-1.054239244023536,-36.88287880654111
-8.69896814029441,7.893955768707466,-0.7817182146116863,-59.62204315687661
8.977710745066666,5.393109553023149,-0.8897892473445426,25.004231552525653
9.312640661491187,7.063689078937269,4.07611002556555,26.260529440081527
6.167946962329221,2.028879253926056,2.140326444668564,18.560363426007996
-3.9077246165325867,5.534100531738518,1.079052140907038,-23.05824592890587
-8.046557719872322,6.779261591246874,-1.9062728213721791,-52.847044933279136
3.6846605302431374,5.164567978550848,3.2379038422129476,3.5055257641034894
-1.196950125207973,7.130960750130702,4.550605114849889,-19.476937358520438
-7.5592353031044235,3.9654230997992554,3.2119828255022647,-34.226367135107125
-0.09646179777459629,7.81869488037116,-4.984348948085271,-31.494705752044485
-9.312229577695632,9.5977962472385,1.36401370183407,-62.32781832067386
8.186408041575643,4.274322879120682,-4.488646185578993,12.501914524996963
-4.824400367999662,4.1089949571984565,-2.4239277966627815,-27.972655064037678
3.2504456870796403,7.906768954235401,-4.404752996522284,-14.17031434625778
-3.7657784782117805,8.159144291461425,1.0379545294938772,-36.511459771918524
0.40136042355621626,3.9542799456934636,1.8658991349260674,-1.8190469691659734
0.934205586865593,4.159626365808285,-3.855123619340949,-21.61492350628208
-6.302910889489459,4.436430782278985,-1.1616111695502052,-38.85452299416116
9.391692555291172,2.311098977931446,-0.43763491044457936,38.80473521514674
5.502656467222291,3.1626961070316035,-1.309469782390834,8.813368506050816
8.789978831283783,2.9917184664958643,-3.7897499951480693,14.367090292255977
7.896547008552975,3.464404869791743,-0.8105220981252454,16.311484785620877
1.9579995762217024,4.930630225226437,2.511780478084181,-7.384496601336082
8.437484700462335,5.468429465073042,-4.289923354667446,4.840994156656807
-8.23014995896161,8.101000985628154,-4.198199859180965,-67.47254300404298
-6.080342751617096,3.003291918522418,-1.4522870816401579,-43.26365602120916
-9.09545422178924,6.968644796953168,4.417257116189251,-48.37514537588994
-3.4933933847347127,4.572022311548982,1.6857264672291405,-19.80680167019428
-2.2264542062103594,4.901072580695134,1.7866995667256482,-24.57441633421014
-4.573019364522082,6.3496389843332075,-1.3808000916213503,-32.506174976121805
6.574750183038589,2.7545559568754028,0.9366079120853845,22.46250912833689
-2.864933466128214,5.764819492368101,-4.898688159722566,-33.39866573294201
-4.381309806252385,5.332904416426112,1.360960464095422,-34.091204315357714
0.8539216631649698,5.984902528016298,4.132869475762368,-2.0006558445312006
-7.181515500504747,5.5783372878156365,1.1257346834481918,-48.66927400054608
6.043939615080795,9.91060027982179,3.7369859346634513,6.369166994367259
-8.508987126404584,3.7245200314973683,2.2397305546609383,-39.87085079182091
9.737738732010346,3.9380060899963647,-3.7944158359630977,22.31436108605001
5.4448953859331475,3.753718947150471,4.024533072858418,12.689517819873753
-6.025686369316552,3.8890457616794905,-4.335561556442251,-48.9163550865722
-9.889557657527952,3.7252257453869646,0.33967472547763755,-47.06841732405051
6.309228569096682,7.378033062215104,-3.5786287620654234,-8.796182455510435
4.137146876952343,7.841008495979709,-4.882933892690959,-14.42427430501606
4.580143360819747,3.8585074125010475,-0.77965739872361,-1.6499526239726023
5.425406933718914,3.3352888537915426,-2.0495929234584374,11.837446389917496
-8.519106965318192,5.942831112772808,-0.13999506202396983,-58.34752789748168
-2.8306854291145473,3.8955539114380575,0.7719988673455083,-18.703906027683725
-7.682618809497406,6.265863635511021,-4.562609276910527,-55.525130030113736
7.262068517511871,5.405846041702599,-3.7699670487625436,1.8069427552667245
2.4659625365511584,1.9685117700055361,0.5864239645042533,8.041295600620167
-3.3820395029470163,8.095010402660122,-1.5683264682734177,-39.64763083964749
-8.728832994279527,8.591755346191043,2.2917348754944804,-58.801337545665966
-3.780353565686756,3.7744226190312276,1.5229164859193967,-28.441622568382954
-3.496333559465059,4.224596880128032,3.4560436298990673,-29.56016607680909
4.5921235667612805,5.57173078144981,1.9249282666922527,7.251408692578663
2.751149427104263,5.66891357997405,-0.7006892260985182,-15.22753534051241
7.744254851526531,6.317088545345661,1.7296662239443243,15.961807215164331
-0.5557014967610137,9.0204090775327,-2.246188257445815,-35.09365081494503
-7.608115081233966,4.646105545011901,-1.936865012217873,-44.84879310721633
4.264895744459899,3.4034055109230925,2.889851599207933,11.118842146036865
5.215700972337949,2.2413615439709456,-0.5358048359841785,11.419870653735146
1.2255439513899251,3.538139920116162,2.983803405183525,3.914716377019742
5.419343599091221,4.933746054252405,3.2242237366827844,14.999873852393824
-0.12408807271218514,8.589115727035576,3.575623376612837,-17.531672932815905
0.4546565876398816,3.964777401927657,4.166352358412073,0.6033368106433326
-1.4491796328290079,5.447575903277797,-0.6901477948670376,-31.197602446919028
-9.491617465118097,4.967154207854496,-1.8113318167886119,-52.70665271767819
-7.842171460133911,7.376786546896168,0.8219874659411381,-48.792726579273854
-9.371416286265315,10.053864851747242,-1.288275765623724,-75.30722687443291
2.7282082252756084,3.938262454159359,1.0107416680023293,-0.10087349374199128
-3.712880378473466,4.021121114963556,2.055858626438246,-22.999704044046197
0.1714138232940563,7.0883217541381445,1.884050184921369,-17.483693521404135
8.151329478521859,6.363782979252623,-1.2544711297987865,12.674326549574669
-5.014155417022501,8.693414651472068,-3.331397983012472,-45.64282767937523
-1.7923415392874062,6.167856370651927,-0.6947066153779247,-21.653514861497115
5.1110227708609735,4.281415818425881,-3.5740585591809126,-6.109369457352606
-5.424036690167551,6.181309661384619,3.900970351838083,-29.327785089617652
-8.46040180342414,7.2174071611658155,-1.5412253926214259,-51.931612884759815
-4.204970941724639,6.640964362394728,-3.455402527766762,-41.71953930617025
-6.775574254919912,6.014548062214596,-4.745522400942491,-49.18208388227858
8.59395304685146,7.133349379178307,1.458223862864843,25.95356400410443
6.162407591288339,7.3385911808913455,1.3690231745474328,10.490450902109092
2.6680751302084698,7.764317982075054,-1.593958334187083,-14.562027115556804
7.429211803754356,6.297419775179286,-4.28288111152349,7.4842680368563546
6.073441537982291,4.665763839366291,-0.9037110510476793,9.213491697219387
-6.268598822279284,5.293427372866645,-1.8878250493660644,-44.61081229002442
7.851179969799556,7.413017933016714,1.7712063973500936,10.95100769627961
0.786844838313014,3.366128658025528,1.057792494526904,2.9816451623898192
6.148803103281249,5.737346617745803,-1.3540627180246,0.5829037941283834
7.921825998469863,4.213322375345278,-2.821074457450099,21.067026576334
-3.6399305005627225,5.057489645869635,4.880359661555918,-17.472150998046104
-7.798961509446465,7.556903725214598,-0.4599837880388513,-61.78305566351707
-5.441296749161166,5.382198136039807,1.8827423578023703,-32.30805022420223
-1.4578442274748742,5.092873096312298,-3.5944703242163922,-38.7990693855273
6.360295318449861,2.2802877180401615,-0.14410300340602156,21.439652197022095
7.214611665126867,6.492507132054442,-4.724632801305345,4.357817076678407
-9.860957389376185,6.29096836228215,0.05455117910449925,-61.16941206440246
0.21494605155131552,9.32650944661092,4.640174071177023,-17.22165751149554
-1.6517799370244202,4.384443530093998,-1.1579328701419977,-12.305528909912242
-5.557843790585395,5.438300655327878,-4.610039874250884,-50.295090398136665
-7.6026926533263435,5.498767367421511,-4.690442090806565,-61.58249483246604
-3.247696571927441,8.15490655952695,-1.120132400531305,-32.28745375504023
8.858194078250385,4.809408935226096,-3.3997506353680595,24.017984189241105
-3.5359413595848954,5.558043051540679,-4.766479036718141,-40.33237430715866
0.3758124348673224,6.215793019433079,2.562136139501768,-6.962541862784629
4.060379177903556,5.3732182463127165,-0.41476991118109297,5.999701727968295
-2.7274079524141204,4.107132770898944,-2.1075522802734548,-31.158555845592144
9.435641654419214,5.388179985796615,4.000831830164808,27.153161143777286
9.248945898842223,7.1472634997195446,-3.838610397994744,14.031144865994442
-4.964354083492717,2.9469694011778795,4.559188289553193,-11.154876564855572
-0.0550298821522901,5.265939348293752,-1.8603328262264718,-16.924198925071586
-3.982433803664607,3.599758370121654,3.884036723086812,-23.360008646360036
-4.303190112450648,7.390093257849685,1.0294287647946154,-27.388877135265204
-9.262261052909345,1.9536261904324506,3.267073597414875,-39.0306300771648
2.191286679597937,3.8821563054568236,4.840131632104644,5.1232521603733066
0.0535804645772302,5.754423750129042,-2.1159456218125428,-19.56915146325518
-8.970424975000213,8.13104805846868,4.61135485407593,-43.281332263681165
-4.427070715267771,4.868499477854025,-1.1051810509757964,-30.254263513823638
8.165317719333075,3.8896009466136032,-1.1448809526307766,20.77703363403949
-5.208762186660552,8.76231413888118,-1.596128957454943,-47.997806427605106
-7.102102558175538,2.103972199167512,0.41407607347585174,-33.67460134003566
-0.21094479444873926,0.6023880867598361,-3.458549568215129,-6.777345001912192
9.713009082212015,5.880028900106665,0.5371148535801122,9.638378947216774
-5.158894569769991,3.9958915512947777,0.4170481241000399,-33.27219398011321
3.442710948117572,2.9575343657385735,2.6190181260487,11.342886621935873
5.232392306574351,6.416712894598707,3.3364996193758554,2.5973593631554586
-5.247249120152007,5.487601427542398,-0.5955864968757592,-36.71135716792894
4.5643269722371915,3.871842738526543,-1.9766675064850627,1.666088555468403
-2.644337345614936,2.439391202658211,-2.4066510268290555,-13.931446552515043
2.646116611871589,6.744914656560289,-3.0537616329512804,-7.89270216202279
2.6705942152178945,6.300402355917322,-4.423524178009751,-19.39490640849071
0.71549368149517,4.801648272441234,-1.5755202116528668,-15.448199072482232
-8.194204598911835,8.693273992095332,-2.2975230786921674,-63.82142435735963
6.70604991178476,2.859830467347695,4.664173858664073,25.314758581625988
-3.5843987005652833,1.9489496581505223,0.577088262500439,-18.05514233157119
-6.269629792002915,3.616183860237511,-1.5272296096949245,-42.77294031255199
-9.184497168904722,4.908827967289004,0.8046760099369603,-55.508197232299615
1.8178588637648367,5.486678898645383,-3.608032986543045,-13.291111094461552
3.551287236845649,4.5175278842873405,-0.5595625079779705,2.6810881996736873
-9.668243421442877,5.704110793028594,1.262343214210638,-57.28219843473598
0.24186116598562002,2.496921151619112,-0.1110216820754859,-2.268585001252829
-5.470084496041241,7.887529208146519,-0.9822119934567572,-50.665238241344696
2.9034558081889976,4.835697643214862,4.938483888996982,8.249524271295273
-6.512671419900171,7.234591663176255,3.80314762148927,-36.04644536308863
3.81875476204932,5.685450692755408,1.2340595815944013,0.5187233096012946
-2.265293073989252,5.913506438307568,0.6937736118228273,-23.140439826528386
8.73459977473469,6.139534560464408,1.2066047982458405,16.350856794599363
-7.249581117080135,5.8954171200346295,-2.9868789217756673,-53.64066658911625
-3.17867297899483,6.285445519735088,-1.048622567356814,-34.69757076429991
-7.730529575188219,7.658305060264863,-4.605404671091007,-66.84073455643068
8.493872365571256,5.39304233940294,-0.24453962513173355,16.423412378233827
7.5467870676196185,6.418007515177025,0.43024583957663154,4.050525909781928
-4.841167445696888,4.820528611425546,-2.722502638967904,-41.72702963071052
3.19968092068358,7.880234430898946,4.640288471655138,-2.9857801335005965
6.344444004024318,3.6472153958814606,4.09454610937242,21.34432328472083
1.104016231989247,8.60188086582163,2.2214323545590586,-18.154200189743683
0.5930115671201293,4.919684098711313,0.3338662876536258,-12.028094451646815
-5.162954181990966,2.1384497957639037,3.6996915964768498,-17.270575331871555
-8.137944643882015,5.2562088298215786,-3.6934765617653706,-51.33477281786093
7.944315159066534,3.6378966850502383,2.90509794274885,23.424940332371783
8.008361143266608,6.681287097977448,-3.751791860331517,-1.5300047184746681
2.6620291454653593,3.694752041395218,2.9421066254940538,0.23785164744837672
-3.219404179025986,4.107633133570441,-2.2423243174864305,-32.12117935776276
-3.015808507746782,1.220918538108938,3.7709058101818886,-9.943784614032712
4.519113577404788,4.095387361501847,4.440420938253979,10.821153770634282
7.942205199051543,0.15224134674208667,-3.512040305948844,17.80743282283275
7.741728485302346,1.8321943530285534,-0.3732439493460653,22.443238846060655
5.597510917152476,6.520829312288595,4.809873781626852,13.35443639556768
2.8406329230857548,6.571600317301664,-0.16592564026853385,-5.708973210921216
-8.317200700099024,5.85091512356993,3.635475225145452,-46.33771298635659
-6.767425718107725,3.066047713741574,0.8873152213131981,-36.558204681746396
7.971083770541586,4.90457728771604,-1.2467009208039812,10.04370983317371
2.128581193191799,4.992794921818863,-2.142164444741298,-10.90558473404587
-9.816058967667407,2.6832706216149145,-2.9677690891391273,-57.4917290847467
-7.9705691426793575,8.006796603534301,2.6179819137769726,-47.801063487560384
3.2700353821611152,6.7547245811513426,-1.1345949317697213,-18.382554538019562
-9.898768323075625,4.558071652340672,0.11275462200751107,-54.841927367571806
-6.783838971650027,5.053771677989062,-0.07674519998818052,-40.94462462458495
0.9746757873317229,5.416765615895105,0.7727902923313126,-9.886840532083278
3.837903953853864,0.9165302631514187,3.655771456245523,33.37873625835473
3.0392251900520115,4.5056452349588065,4.807393435834294,10.003752049839752
-5.514613810788804,3.6360315040044027,-0.9241579142618308,-39.835138567902135
4.243584426950717,2.996759980210169,3.2751892210630302,14.057114973853055
-5.255018250063999,4.43779941422809,2.6452779465471767,-37.92414701717817
-3.4920060368146455,8.595373053699046,0.735289514555733,-38.68656302572806
4.929828102360483,6.28168572253402,4.560471436119331,5.829917829074744
2.992657980944294,3.8576420204344064,-2.995254844715972,-1.0158524491571779
6.984468209883559,6.145165562712317,-3.907357896903786,-1.0600410153879611
3.152257846006867,7.798710873172004,3.539619669554222,-4.291691475356331
1.3661720667094315,6.849267365825538,-0.6085018336625172,-19.477906704985937
-8.12650464343815,5.119260739840349,3.469688542070605,-32.23016694986577
-2.645683938811329,3.706126444588852,3.930902051954149,-15.445524815693132
-4.695952646365491,6.39644662722718,-4.375424063809286,-37.56121337736607
-5.1202071324183285,5.786970770843499,3.8346476298606067,-26.101686771891266
9.460211095048912,6.790386440055465,-0.5168094463057784,18.846399804094627
-2.138045506664792,6.270343603363939,0.1043248900423226,-25.310897320078737
7.8409311035422675,7.09910543063867,1.265925110932102,14.567244835198519
2.622772519945258,3.9295295768788643,4.263826067300867,-2.408209412981879
5.896226070832968,7.634788131268651,-4.80883905570236,-10.331555192632585
0.0527418621038418,5.395199209384799,-0.23156531682182901,-12.21197095746108
1.5380776925271817,9.150521745250531,1.877220424305607,-17.789299534402183
-0.14964612362272156,3.6216243638208643,2.2270695769822844,-14.035267666006785
-6.09514024403911,8.4719276063305,1.9253243153710802,-46.207717417293125
4.4490423052301065,5.395821566925296,-3.6556487059187814,2.8179346895844315
-4.384552751182884,3.6971639927711033,-2.0060441162831877,-26.407332637937625
-9.513680671370924,4.032228331891357,-1.4128447458298652,-53.287117219647655
2.9094459181433567,4.3593053836113596,3.0443720767950495,9.405858060619881
-6.457786411859021,5.848331892803833,-2.2124012758544698,-49.63347897939678
8.809171687058285,6.0456709760709995,-2.8929503613279683,2.794415163230612
9.078571540051747,3.852599992122842,4.574480190380962,29.28311662395261
8.29728780440897,4.951290815478035,-4.9113671488653114,16.326988316012145
-2.5968259948911125,9.284540717223727,4.978208556819782,-29.65447442674259
-9.690867669422651,8.455086340201422,1.7682129885739561,-61.80922361802205
8.566371251754507,5.872647339348064,3.28469299449117,21.71773799658177
-1.4363170336537134,5.076006956336401,-2.0538060365380684,-15.560218128835158
9.333096380873393,5.240062653436523,-4.8568472233294,20.028297693335517
9.272399541785056,6.227035945460833,2.3786951856153005,34.259781869229
7.060189109347203,2.954414869603189,3.341445970006758,25.265177716592504
-4.111022158608286,4.48524692515331,2.404761319535192,-23.612184327087213
-2.298045427961495,1.662831852244821,-3.571497126991614,-28.90688426966763
7.022733430337137,5.798446245210559,2.5342792225696904,23.148825561447627
-3.661559896874447,6.294391879405482,2.6892278210764093,-33.989857339901086
-6.61014506627815,4.033627075401252,1.5854051567005492,-34.28677335910211
1.1360252491670035,8.147973526580065,2.661159327955862,-20.064013565324675
8.72309548321562,2.5484686739953175,3.4592143967773215,31.221070570737687
3.9205959334994596,2.0712502395803596,1.1360411423745838,7.554403144757426
1.4012234017872984,5.448903637119944,-4.113952860303209,-22.009099328196147
-8.05647012458463,7.094196605224309,-0.12372190332789135,-56.45152763641212
2.3001445339833957,8.367855382915737,-4.223506653283949,-27.091345294006913
9.801077002085265,4.0822314742621195,-0.9245696896756916,29.275143765104854
-7.19831969526952,7.157361666862592,-0.9289351087437234,-57.6475479644659
0.3665930472747352,4.922983060998585,-4.339901558597584,-20.87967297602265
7.5474614385591074,4.654745400118361,-1.511794660305207,19.291815994798725
4.815372355084088,6.767319874973345,-3.8900190120868516,-11.386490051324364
3.9403148199053604,6.304645756826839,3.082352100092221,-0.5775682444126429
4.049681679742186,1.8472156860315012,4.476880259644707,18.4582170542624
-2.8101769756048967,7.9530806994517915,-4.276835247420614,-37.754994453812635
-4.128163114710133,7.760182708294903,4.551152072917015,-29.72035828312442
6.187223109570272,3.748874596980941,0.2257659933674514,11.297729161035175
6.202267893583617,5.791607066874818,-2.0043432204612612,5.844947188727691
7.341446371602075,5.988060372565478,-4.231379247238365,-2.572614874946982
8.264811051129428,5.521347531647814,0.006242680704177772,19.914484523197363
0.22684797721875682,3.8993896923091595,2.9451554449074866,-2.857429739728639
0.030325893743992083,3.656753264123897,2.0708647726669813,-8.246269027756181
5.965903579335503,4.9488918580171095,-4.497739885360263,-4.171470019665996
2.999278615555303,7.345458038518729,-4.270981646320965,-23.014627557394192
4.039337545154067,6.087200309188865,-0.9712671736736294,-1.372698412568032
5.91585338872202,4.258771335827788,-2.0470950595205673,12.937811940808892
7.8001068363513255,6.54339742129669,-2.6761567694395216,3.031382807492215
-3.240096862969284,-0.6970852412601509,-2.189955010912864,-12.95710823216499
-2.48834094720112,7.297531400744207,3.0348274329688465,-36.211438218109755
-8.12036120318262,1.5205724424438007,4.29228053631854,-31.3816897207108
1.5656028199234804,4.275118117193736,-0.9489730547243358,-8.616183845690468
-9.281154524065158,2.7606602107477123,4.061110021324971,-41.83279577076299
-0.6880396373507978,2.4106370485581885,-1.7850429875211802,-18.236687544068097
0.8528926941515316,7.321653574757039,-0.23563013656208387,-22.363548003133587
-4.269174957434312,4.064597597376217,-2.739710021840003,-33.28894902391404
1.816665211380215,5.693007763461432,1.4047604217584393,-7.93948669337843
-9.389995001219011,4.906158842241632,4.78981115174809,-53.88999039472962
-9.253036225015713,5.954081654446243,1.0349309604337869,-63.40802870570934
6.452011213193167,5.15364378212051,-1.4218591588645113,4.469069299396238
-2.7961871717747417,2.4340155516228608,1.4781744599052837,-13.242013491889223
-7.458789746962305,6.99253363889428,-3.7707932153461243,-72.09187054885048
0.4448652010960874,4.012486833677375,3.886590802653986,-4.983468972097957
5.399871061972217,1.886836202680498,0.03083950779836364,13.369415372856995
-5.683579450063137,4.143769678068175,-0.5065025796035796,-29.236943102621993
2.4578095163800047,8.00151958126862,0.8586478845351921,-14.381133967779778
-8.29305070012464,6.7004434842269855,1.2478386278940246,-48.862911073686824
-8.966365576627846,4.302695731184282,-4.28224193773487,-56.631747675096655
0.6270926313629595,4.301484591363143,1.8261722122340238,-17.396571223205548
0.8127024322021299,4.356729897565235,-2.580683196844704,-11.13971027441791
2.748598029964132,9.153495967121682,2.139526325065898,-11.110060604095283
4.52182667445323,5.763870904463107,3.2253479438419674,9.787733070480483
9.517041589250692,5.8600832943821395,3.0395850755252027,46.19827515708839
0.3260069660239058,7.060566908063684,0.5250096740788912,-29.24821820943059
-3.5408705411750807,5.477578318053027,0.2016989231075117,-21.569336023838837
5.903723895374073,4.481915708358594,-3.571240386605883,1.5894300862069666
-4.583354974758516,4.607300301830043,2.753461504031356,-25.211753274446433
-1.2205715858872779,4.856797481171872,-2.2859061955328563,-24.25205240463665
-8.430872373154681,4.925555526980316,-0.03304577182053414,-50.68742928419096
-9.49298513169085,6.4552590872739595,-2.157259070724833,-64.50140057122874
9.252968293558503,5.103891771614599,-3.6617163700030684,16.024308797249123
6.719602410244118,6.465280154431158,1.2955769689173655,2.4878546321593324
3.9194841218739604,4.838566839782835,-4.456679651770962,-3.9982274977857606
-1.8209411117146033,5.157270380632181,2.486452341262,-19.863642930657228
-6.534113598583085,1.0035986309357847,-1.8241320473888334,-38.445861077119154
-6.871259146578279,6.832655349404963,-4.998653069955147,-60.230373064417364
-4.995142036708094,5.692976951795986,0.11129139237229779,-30.551170133162877
0.984533294122409,6.996020219719305,-4.531480914723969,-28.789564747197332
4.291918454001246,-0.7925107563873786,-2.238304421791005,16.86086533263321
3.2039475343546258,9.176749409561456,2.069764874557162,-14.229709720728907
-4.401322061081143,4.720820743689653,-4.373103783781342,-36.724348793338116
9.097305613263881,7.216365633475033,3.393384923560024,24.954434093701494
4.757938333915369,2.9201881457489383,-4.9618007734141685,9.590631518068383
1.0870810502280133,6.225547810125139,-2.5317613079809775,-20.269661572921397
2.2344149246870444,2.8931688736526877,2.4090405615207144,8.419508224621076
-1.6079987514442013,3.7524620786083895,-1.8372985027069322,-20.873640549321117
-5.045380209976851,8.828062707733572,-3.981076119339865,-48.14850229247277
-2.8805464269747683,4.6186351984733065,-1.3976608119957215,-31.76757486535409
5.156922209287382,5.434865746359446,-2.2960671361547447,3.455983890148107
-9.712130227404883,6.740135461377508,3.4271190216055487,-53.18817573112437
-7.678547189861675,5.991363775945209,-1.8665208241485685,-52.74226262112195
-9.079947159564945,5.3008378102871525,2.889324717760072,-45.984890211359236
-9.185423953620598,5.729922004932451,3.9187214481073482,-44.83281695093166
7.109211680220145,9.80683117047655,-0.6618258042347049,-2.888443614628267
4.073157187600474,4.884762405932829,4.09943143854392,10.910770325543881
-0.5165234182534952,5.402198093429935,-1.2268194603680715,-12.835736586229007
-8.04331678697997,7.1013087920152245,4.640784164901081,-39.2683767660873
-0.1676824976633533,7.211051865915968,-4.10710475474427,-26.172322135405373
-0.5305645843886868,7.37406061112076,1.8701926650324276,-22.781752470971522
-6.535962601799696,6.277460444058369,-0.061859595430712844,-49.54615507137693
-1.3229670152405397,2.713990174539033,-1.1235119454435294,-10.904359684277551
-2.0299053120525308,8.266863064602191,1.3271187874860093,-25.88573890439571
2.3170019610443298,2.707309213962624,2.0385709163433123,12.586575413730982
2.7018730173528756,5.605270930478066,-4.95636730349691,-18.94095845886266
-9.09391980455911,3.4914482999612844,-3.3304691125280126,-54.65870561997805
-2.5077477074705756,4.871723306814015,2.130460506343187,-28.582660550265146
2.5171983142847267,5.657524820606961,1.6638541357820644,-5.538428463422212
0.06272517160175362,5.642714430900546,4.660475051286772,-2.373439950823843
7.129796823766444,5.84384150847057,2.61037790250783,13.875941678528736
3.1738726323789006,8.227422538117294,4.50772707731338,0.23107604579460173
-6.741311458371406,5.90706860302796,2.0254050153480696,-41.588157141862425
-8.588625051991404,4.511686729418702,-2.0194779136055683,-50.308231082325065
2.8483855641263123,6.928174336576714,-3.9463507774914355,-23.022139257286103
-9.469773789167563,7.378940977849281,2.818238633449356,-53.95339357514988
1.715511625469265,2.544784369726015,1.4414922147591591,-12.845002032286283
8.804604828499151,6.194800139699716,-4.518139876067037,6.66325835195346
1.50948355751758,6.402345484621796,-1.3994953409902164,-24.1204591243512
-2.236601475869562,4.404872993280016,4.567998154842861,-6.995055990898491
2.8657643688470635,7.751413626623239,0.00401145710201245,-7.896123726454881
-0.8349421901696665,4.699888825934947,-0.6727086398029538,-16.451497608259007
0.9123357863186996,5.2511529069430845,-0.42300394840706,-5.345092336571676
8.829296175530502,4.65385635143226,-2.9111727599483626,10.788687523804313
-2.2779472439845154,5.031158095162935,-1.3129282913520477,-18.094303854553168
9.223811276478283,2.8074498262095964,-1.301867440128234,30.5301185683298
8.107012839121275,2.1198982348114113,-4.476449798125276,15.932680619705582
-6.084177304214071,8.189010126449944,2.6756762851791827,-37.87428628993303
-8.612773982496691,3.3060773033633444,-0.83495568096121,-51.57070676405738
-7.984439972451467,3.0172153010873854,3.2217988681642336,-38.66837886437793
-9.635563486969005,0.6932197727925704,3.5034800111989544,-36.657901860054324
-8.111140784881432,3.7220765046209956,-2.8800594530134194,-52.01580009973563
3.6601354683271374,2.3538204131850033,1.5735348217012852,5.443362063354846
-8.57622703079542,8.284030320272738,-0.2771819583701829,-53.59594766526363
-3.6204873941247744,7.019634178685268,3.80156737921485,-29.23198935597436
6.89750621938909,3.6236993096445524,-2.842593208235459,12.796265373936182
-9.534561285283482,9.504871610688618,1.778132003100442,-65.9483527990673
6.289369651778717,6.963530973983189,1.077521222527226,-2.681088372522831
-4.362904504532001,4.350337232982755,-2.046985224281672,-33.246313373682504
-7.636703447566875,0.0011885702528537934,-3.633990963488274,-47.3796363051015
3.9347433072830125,9.581885145181484,1.5163976047727656,-10.317057227294216
2.5788569355976794,2.220855066472808,2.385974581323307,1.5832365114548548
7.549440270541059,1.7092025060862164,-1.8437265623665002,31.319080435326626
4.701420876077716,7.045140864019281,1.4483260402231384,5.123726603572906
6.06961860769697,9.879504812678546,-1.0486909238849673,-6.928652898660287
-4.35930854857387,7.768545637021036,2.132068832826177,-30.160200051432888
-6.451209124405544,6.12781824010472,-3.007847251059469,-54.43556560738396
5.012295032817168,6.189508683330572,3.9021500263617437,12.002351027350908
6.136694785345281,6.706831117560616,-2.1259040353442025,1.1735298866044372
9.810102840013467,6.5178571795735305,-1.322140122438471,18.362659983124686
-1.7476464617714704,5.562382847938752,-4.419080479196502,-26.154127848761306
-2.559638284144336,5.208402207903752,-3.884877876787236,-29.971054999964064
5.528259214839936,4.874813744200956,0.15861902712328124,9.249451995128558
-3.183929194939643,3.4920708222666477,-2.324073232720285,-36.13451289314057
8.615146512071295,4.438649846266452,3.3548022574219445,23.05400954793239
7.168255036860238,1.614086371609229,-4.853066113450462,13.51108413773372
-1.420119452499634,4.8033207464105,-1.2090595132806383,-22.041697204408056
5.017421355829947,3.022817785698165,-1.6265445323090733,2.0971243782375293
5.0908574816936465,2.792821365568458,-4.80672369082399,14.429901826313337
-7.937522623281348,5.359788302306957,-3.756316009994898,-47.7601171437682
8.051058133591333,7.784004572689199,-0.8635732508136478,10.135663916632858
0.10504744895714246,6.836633212004626,-0.07135415552553326,-19.87223384481765
6.529149322154833,1.858998792753646,-0.9571025274513092,17.56435100595002
-3.599007979387765,3.020743726859325,0.3093767841209383,-27.59910182999834
7.9104645699240095,6.881542375976432,0.9513167490568151,13.287267242474684
-2.215966425316738,3.035025212923381,-4.900761788721644,-26.481702216766628
-9.783246970394032,4.550733700005951,-0.35904840546496075,-59.71208866993203
8.107639528385274,6.100104198049104,4.634992408875883,25.071112423370035
-8.174266464277329,3.0633110902727294,0.19032280129548695,-42.28264876946027
-3.6137272481917027,5.21075101229192,1.7754226745895316,-36.07535446985046
9.001239341016099,2.331949010163591,-1.8813614208311682,20.944462438013776
9.012142938751122,3.7972647120975727,2.7399137815276253,28.068577514658802
1.4687577624657226,5.639563868285074,2.729214818761151,3.8532073692309226
2.6367442433959845,1.8140125329366614,0.21296047654138928,8.313625950525523
-1.031089560433605,5.880949475920798,4.760138232792135,-18.924338049412
-4.135784566038709,4.960724402146638,-3.744497852373466,-36.484125728253495
-3.4267090926016808,6.104979908834295,-4.8305233511041905,-49.419342743809814
3.450369121540769,5.447828268129323,2.7015821175709593,8.274611186352391
5.0474905887536,7.728280859947688,3.0715553736488257,0.7926072633795958
5.83158087451697,5.250449005295814,-3.7979277087942376,-0.48905987910389387
5.792362855891078,4.141188917749494,-2.3441716704139393,12.686524567198902
-8.175877939026194,5.244595006064568,-4.824476366333711,-64.52206734988715
-0.11159390594837149,6.086596058072776,-2.066913892194353,-29.82558250796548
-8.848824799667113,5.0977201406514085,2.731418739186715,-48.14361877397928
0.9905776464747102,5.081183382407764,0.17960527712578944,-5.730134751976289
-1.1693899725324606,3.5960166243864893,-1.5190440683171191,-26.10042827730776
7.754083655165996,3.6741981648981037,-1.2826070509366971,3.267748033543434
-2.9816997489584267,2.194789456400613,-4.986463742845318,-30.739889142771176
-7.658659671447882,8.499153486373878,-2.0019947243476413,-57.377384594053844
-7.140166358943283,2.51227352921743,1.4645874163793051,-27.16700244197266
5.230212634349446,3.6141896044081854,4.741944438163571,17.246363790073374
2.364361266325222,3.5631854688616054,3.470608269838994,3.6519721628140474
-7.977546477544195,6.789848753888883,-4.764050353544709,-56.03832920765411
-8.317863877700052,4.410100643415944,3.9856060467483942,-47.879253846028355
4.019382629182399,7.495484145347468,2.8319841329862596,-2.6875575292553338
-8.544739872716129,3.653018751512263,2.8037612357098043,-38.57837382435641
6.437201185807126,5.557988324447604,-0.4200424099642852,10.480848556382293
4.1248445431299245,3.3293058934804853,-1.0199470704549718,1.922532885213886
-8.373024387162005,9.290298255546777,-1.970842711668074,-65.1324726800953
-8.30324571829616,2.6248031619409744,-4.343051410456342,-62.215131946985196
9.732791570023508,5.619641420454055,-2.717646365063009,13.345707226936607
-2.514584084877594,6.267553761864197,-2.5339636502197536,-31.661381362770136
-2.587157058662182,5.827598194902997,-0.15922930289798387,-33.06135159642709
6.255991345150051,4.629424682244584,2.4744440659669396,16.379500573748317
8.944971547677174,4.740358600533147,-0.26190171602053347,23.269369461081677
9.720021276457416,5.087622943958219,-4.421555505528394,13.061359258609397
5.0675637051788325,4.705995996743023,4.577898009882039,16.160381705233196
-2.4748082893816843,6.927758233589819,4.427243190941123,-26.64168430283701
-8.329985666026625,9.421046003182703,2.851895431484084,-56.91234620916667
5.542938318548735,3.885016429984333,4.913279015642205,23.394342863472467
1.1680849947161,2.2603940408418444,0.444823328002629,-0.4343306828137037
-1.5155598150604739,4.82343590329749,4.6276835025320615,-14.20983631288992
8.12708770189472,10.159418675308636,-4.243949593832492,-5.336722384558049
-7.776050353876974,3.3926508640605384,-1.3431925173862869,-40.395490089278994
-0.14749791418281788,8.278233610888135,-2.746187319932342,-41.16677352214775
-9.772927104651618,8.355401628152881,-3.0416691586572995,-64.44588129560023
-0.626787160117475,3.892823516584011,-3.591970511073239,-23.05083390577377
-8.873934486363254,6.137966158370551,1.2241364156599666,-49.33391392304358
-7.623641674638561,8.256793246257075,2.813218557473051,-43.65227470415323
-7.649475064457903,4.241744518025026,0.7829839942036063,-48.61553430965181
2.984206042321272,4.592839279795276,-3.530372904117903,-12.44964449047428
4.920897585308467,3.8366381721027123,3.1112376993347084,12.953407744216623
1.667375301943192,2.9704865386142663,1.3595470716372846,-3.441631870417602
9.243450969490837,3.701444909867986,-1.118342938730045,32.30746615008334
-2.5025884095259183,2.552119466475487,1.7413029553606298,-18.467966595942837
-4.285758274362785,5.068166936518452,-2.4009502075716718,-39.92716821958417
7.3719825637892065,3.4600535378827164,-1.548077915057895,17.033558969407768
-5.528083229610948,5.467571823581496,4.174858431319903,-36.17607915692892
9.264450788812226,1.8882087075927454,-2.094954943285796,25.224863587117756
-9.756910506203674,5.661760464428914,-0.30011731842063405,-55.025891748691826
9.39757653415278,6.6670579232178495,3.901411373960146,23.72765309296531
-9.136801760988478,1.0125287148570892,2.0772135026752743,-35.89730047767437
7.822862273961423,5.748113139695144,-4.3779677383529725,2.6445136378124583
0.5540221817259976,7.455337984946585,-3.526969557210297,-34.7762158882602
9.859295922386007,2.580717962617589,-4.921584092280832,23.459827673825792
-8.524068705292024,8.345144773675408,1.3092179022916337,-47.73860797937485
1.0770856880264148,5.838038018732091,-0.5232657458958165,-14.160294641965054
9.38605071238198,3.5899762884831823,-3.6572514909772447,20.58609158836163
0.46195688340297636,4.8884618446845876,4.579341210567705,-0.19526180372214919
2.5879727627052507,6.116653825043445,0.2965972394561991,-13.751528428130431
3.9149737796923425,5.152010782824823,-2.581067058871108,3.554301943200713
-0.9091787046445354,6.077511984892738,0.006035711547075273,-20.845535368048196
2.551161601681269,3.1586528138412673,1.796203327351078,12.480379115348974
1.6862862384620048,5.3387216480721555,-4.237607820264355,-21.411400608517106
8.023160209819778,2.1725710061900396,-2.25296184952108,30.159313734455957
-9.091072393170842,4.7775478773026,3.0696549088399365,-40.68184591673738
-4.380736208155394,3.1921847170704205,-0.4033512959733878,-25.14100114651782
9.008229681531176,3.528940114820467,0.46577142032294905,27.547763494074943
7.805275677818326,7.472186350420875,-0.6718399779053073,6.218220613827818
-0.8868649442857404,7.182620241188538,-4.561000573569949,-28.21466335547911
2.4026519560307342,6.218276241814354,-3.3425022017984407,-15.02742595567677
-4.452376340377347,2.815374470654842,-0.544583612581091,-37.18014451657186
-6.237576805524774,4.367183100610396,-2.9081453459207216,-49.45407952430674
-0.7260319012003578,7.426195399958367,-4.500209713403213,-35.112361992446694
-2.9329554394789437,5.28343382727981,3.4364966405182376,-19.159135042890956
1.6731222370174414,9.63865907996339,4.811925291641158,-12.882580153037566
-8.445307260700304,5.786635678788744,2.9314287399673944,-39.18342465026434
9.48789615332333,5.3840982329800635,3.53784921704667,19.119479028253348
9.724214889592059,4.3817670715949975,-2.580228696829546,21.30904063244995
3.9632342803949037,5.267081809564565,4.606269755131997,0.1743350762141418
0.7219273268824082,4.695060327238912,-3.0307429554657164,-13.460396107697695
-3.8094476742734447,6.416217353377181,4.514298103618323,-25.930140122198686
6.275900394138972,6.913404633589169,4.94819293965951,16.35782341522799
3.694623451077586,3.4280210789841012,2.117228057460487,4.409471879330185
-6.747661213102174,2.337534092884444,4.8114373179182195,-17.98304783693683
8.21854368987685,1.3275892537934069,0.6953977956710364,35.49082590976351
6.450744858463381,6.015982653825088,-2.404582168239097,5.863588650959504
8.99599826583848,2.793266787652253,-0.6300411433437914,25.696524179392377
4.5143901677672,0.6942188140950343,0.9356093537878598,20.745409362835076
2.268303918715798,5.7771572090619285,-4.26918437972985,-20.331087551719037
-1.6351392741876225,9.985999034865582,1.2234326461724612,-29.77391061389875
8.654569667080267,4.987858176920214,4.811778367622946,37.525665344425924
7.321277790008168,6.676981548903283,-3.098923502162724,8.409372308893305
-9.095626597876212,5.16365871709513,2.925951162883833,-49.66959256605961
-9.47266051005496,4.8022206936177145,4.078987937796194,-42.332241659115084
-2.4707326624390085,6.838152965975537,4.437015928202207,-27.98906541007147
6.211066615636657,4.419450911622698,4.601356044054473,23.650577371665857
9.74552258629889,5.534784628143806,0.2145963872147192,25.059946299506272
-6.991662177929436,5.643395612392027,4.773079079915037,-44.69975908672457
1.8826143070427026,3.6638190927139025,2.5731020713443886,-4.123715126843939
-2.3821828673795693,6.984084699073046,-3.3832856376303813,-38.66325132571701
9.398287956292066,4.650080486609182,-0.23099893532029991,21.676613758995984
6.842378462714173,3.4885096810143104,2.18331175372004,15.223223638159812
6.766574094222758,6.073019687140807,-2.526596841809167,5.738937278611196
-0.6261368041005948,3.2030640364179255,1.406151835488874,-8.044067609975848
-1.703609953246696,5.056362314738257,1.666004790466192,-19.62286283616176
-4.531858561385875,4.981762006711593,-3.3730025619143413,-43.59768289029877
-8.872490066981458,7.171791131663156,0.650853124527563,-50.46009178177736
7.294447525101063,5.949396465759905,2.7162691097860767,25.039174488138162
6.258020182601552,4.949946082509713,-0.011043354640580816,7.742348354363221
9.994353465722611,6.635532598400574,-4.878968832238925,7.252043817436767
9.93273674147811,7.780415098034627,-4.909615309207078,9.026509380454382
1.108634112052549,6.115620612703724,-1.429706560299878,-18.561885409235664
5.37974830361021,5.0207052396867615,4.261940684317819,14.283772860700024
8.89531459764856,2.376327535299681,-2.713232203963912,26.724077135390733
6.992947813548231,2.869772673849255,1.3436368887168717,12.502966572542439
-5.053037965136047,4.389550591290664,-2.7792412930667942,-32.34777459628642
-0.9891172937981292,3.7809755956814337,-1.783300103404514,-18.50259354739914
-7.4168116969701,4.626057394029108,3.4804208960148397,-38.64204290074895
9.081020545174447,5.113299849794214,2.288614422699469,25.115240705606837
2.123492689017601,6.059385508713461,-4.046007226867894,-17.964053448703172
-5.427143889930745,4.859002443881818,-0.7129797901356643,-46.367548988864385
3.434013688117135,5.9730032876524035,-4.7083023635473555,-6.124868700317202
2.3625648091579166,5.12894882962024,-0.19109853396991028,-6.112156158815783
-2.8367456393431905,1.0490668672922574,1.6243401170106804,-9.030492272991298
-7.72884815600742,3.1213292123624914,-3.814973764018484,-43.151578936283904
3.4314639118559924,4.7118248885567695,-2.1111506109083433,-9.737732527864527
0.40615401807586693,2.580610514317785,-1.0216337449784305,-5.793123465430606
5.446367834712786,6.199857459992409,4.1953102465604974,10.238313997500944
0.40327002223986774,8.061501664687395,4.93255015422964,-8.472470720560965
7.043630006370801,7.437523703394634,-4.550887010043842,-13.875962206545859
1.0381367754897113,4.573114258139584,2.61007923495392,-4.842108703758412
1.2187594307077259,7.9814522736999045,-1.2827593359765679,-24.648941049141754
7.533072053166901,5.297334914404223,-1.0754181377051997,14.250761947215313
-1.9303426757520583,4.325828057763921,2.5426497334702267,-13.263334472518533
-7.319695430987185,3.7731946729181205,4.184264321454087,-35.767966573905056
-9.42434647373322,4.395060627023743,4.509285945025484,-45.42486520683336
5.1027451134723805,4.223646362917543,0.7712258603832076,8.72916624311666
2.406191027069294,5.340832444750975,-1.428788406994972,-13.738521176541735
4.081595361984471,5.3211479620997295,2.875490858587792,10.323837756074914
-5.740716769821786,5.006092040306829,-2.4899861673769976,-44.80715153719885
-7.272570488264605,5.8738763394927,0.6407402883351772,-59.96537149147437
-9.709106686642361,7.381292549572683,-1.4142153847512686,-65.68284544789906
-2.9882488238680605,6.899108270882648,1.5663107370787612,-34.71041773818252
1.7983537370926612,2.030204063100193,-2.596010871064931,-12.245598060364523
-2.155119098005354,-0.10784226980390965,-3.0840705426517423,-20.652223859026037
-1.2505015595254179,6.868639822478547,4.182390866754371,-16.696101612863718
8.083173889874967,2.266242603169158,-3.981963170504631,24.213245550224286
-3.0348906595339926,4.550469196214633,0.059579077349316556,-24.105889702756336
0.2797897831962164,2.659773947881281,-2.791472170369911,-15.475623992677498
5.673060254822861,1.3960391248399606,-4.610700366743325,11.562243887138424
-2.069144353574597,6.082925456409576,-4.639811817085736,-38.100428968793544
2.4417340045574694,6.518310320605294,-3.2477822789417266,-19.756561347285178
7.247274174934905,3.846979198546561,3.667703545060002,19.011752853055018
8.990412473152844,-0.18208458428981977,-2.1752125602297334,23.398334491262773
-7.058530381419241,3.9075111034950343,4.504591705752958,-32.897089957453375
8.531752503229889,5.783608010805093,0.8162229298919357,19.198899289888807
-0.15767413840923616,2.0421768624517425,-0.6338581023123391,-8.5080616956913
-4.8351122340208335,5.3667198395583116,0.8008883466945456,-35.91866640110597
-0.8172848752347743,4.969380301654009,0.16698385226267742,-22.572043004859673
9.600651505709543,6.158582999202177,2.5877625375732514,28.143613058802988
-0.14763812014260758,5.239160736828307,-2.1750393402714776,-27.24377297133123
-3.424967794249836,3.0538621182368892,-1.469496083996976,-21.920310130486587
2.6680170863345154,7.393143003328983,3.9409430253325066,-8.636559708617497
-5.197087624436138,4.68294085394606,4.464565131504054,-29.670218983339797
-8.482733437826722,4.945390920980136,3.9255822748647446,-48.24986791759619
-7.4224055617870155,3.133464081853608,-0.805520060426864,-43.208065347990804
-7.439083220844552,4.11343549761698,2.803655030068817,-31.61276702370162
-6.9619461297541125,3.2303945719461984,-0.23664266698901226,-35.43411312661329
-7.223456547011797,4.654107880153154,-0.024601478538977872,-38.013242225444436
2.817494896064293,8.423416960284687,-2.9531989094271607,-17.29595638578153
-6.3623983120171035,2.2561977141372873,0.911303032585165,-35.91392946796179
-3.086654333522736,1.7728772042465177,-3.138641022466521,-25.596477113401324
7.935768198120236,7.942340654987217,-1.6843530093280625,0.646349163275854
-0.5207671947425538,4.581352645696268,3.5503020161993515,-2.0736481634651156
3.3511547704205427,3.6618545226801666,-2.9292419078914476,-9.423371534272782
-6.553602575967403,7.079809374792153,-4.288417148265672,-51.56218427783186
-6.1542196238265845,3.788768920526272,-4.309924073871837,-40.13826405408498
-9.182627674670423,8.652019427093872,4.407845205031078,-44.72277756132071
-6.621298738556709,6.355851742678539,0.06920437961834658,-47.462774386173244
-4.4281932193608275,4.024177183708595,-0.9058792818298169,-28.035452194327917
-6.459790314465064,9.314616426531007,3.1087858100791834,-36.1571797346007
-8.225949324858888,3.788570153993323,3.3582592791051606,-40.641197587873684
-7.587282577987984,6.484190744018614,-1.678089668843954,-60.83308311935748
-0.7844246393454846,5.598585160812984,1.9361805747379526,-25.461143059883806
-5.87332563188415,7.603482578797596,2.711228158518866,-37.317733802585
-2.714602779038491,8.123022393453706,1.5465068686595451,-41.55021559948891
0.06834541709713804,5.064008298131533,-3.4840492519990063,-23.748336994693677
3.807896572587307,3.4931642593076333,3.7588308351705706,14.456321117962272
-9.213757203178021,5.919944285878233,0.3909455273600866,-52.90709293147704
5.988207978180853,3.6445692604957878,-2.1752757362999633,10.795796979556982
2.5580077898181557,9.026774495053246,-0.747718145623061,-17.23227933812897
-8.364819361022562,5.273070662165475,-4.624289096010926,-52.13273855604156
7.471572482135546,4.269356897375783,-3.7213319877758244,4.8739733571692
8.417448010636264,5.3693606117298165,2.655467505158608,19.487669525380166
-8.778440802902725,2.305747420940607,-4.999883652446338,-55.894070005679524
-4.4624470370559255,3.056771922978697,-0.8343417151770787,-24.5378282882009
6.124025595861227,7.400827815888851,0.2251018108558842,7.245815499465441
4.965193807673167,3.6862114420572087,-4.453655799990277,2.1509559011330275
-6.3095796128724535,2.906178034636121,4.730781629723328,-18.577820961501885
-5.813013533265794,6.073305505054572,-2.738746687503281,-52.839668360115354
-2.5905579441723603,7.371408309325994,-1.9580128036371915,-28.056361754186128
-0.30954029617957346,6.437906621330134,-1.9605748774497265,-16.856837695046856
2.365095430605919,6.992095371611633,-2.695833378826501,-13.229461163835492
-2.621727208604552,3.4864098228610785,-4.985261779136886,-22.007667317419916
-0.7493056773370412,2.1563786665163125,2.2934479408799637,-13.162578865526044
4.94941876267513,8.002667303910973,4.668454997992853,2.504342453640048
-9.266335942188043,4.354640322315729,-2.757065167149549,-59.319912373408215
-4.951261113119585,4.498333967089906,1.6304719180342246,-26.431705898892893
4.266991717691049,7.656388283698115,2.4189632695871506,-6.31397513916658
7.9041367537439875,6.11246001880132,3.484253790905248,24.035150287069914
0.23354884231332207,5.911775544163215,-0.7737080298639087,-11.495866602980605
0.6422697053063136,9.330004689802168,-1.9706909435957076,-25.88630263495267
-7.856559773204479,3.712963539239714,-1.747048659769689,-44.64047191176893
-1.0517526635309071,6.855680256162474,2.126213330985128,-25.460991465144545
0.6523453291004628,5.114026249794169,3.167794665056361,-10.63136293349476
-5.150589927305407,5.537184557726514,-3.1838603224339734,-37.33353950078578
-4.615135381012381,8.056936852825064,-1.2905899184223477,-41.31578689984275
-2.454316737907547,6.015671512579248,4.0194019674915005,-20.020575151272652
-9.598576044445473,6.076592158099266,3.0669351969473926,-52.579757987014354
-3.5584166883364343,7.145014674619604,4.848584027624758,-36.100582087511924
-5.7710398600691075,4.270094540914229,2.5424825968208076,-36.163739962799696
-3.4500529564417075,3.3215806653219873,-1.0680479897207773,-16.343954365475728
-7.604757363614976,2.910381611957933,0.9063783399463778,-43.73969546545328
7.810545614797899,1.0672868212479965,1.610142542473203,32.20800618649941
1.8718490710809732,9.112414259880644,-4.21544183682876,-23.243510302999567
3.582046382889793,2.7935832685566337,0.4449695910386513,0.5627615679551115
5.783424772146766,4.557492752828456,2.0932082847260958,14.571189773459302
-0.031156021418855318,4.446373400222159,-3.326786959989396,-15.427740518767415
-8.261594238251526,5.614813395618201,2.8063171742555717,-44.21568618181331
0.742130836370956,6.6314744250785935,0.8377278051411166,-0.9084290411358822
1.736822360417582,6.720946976719491,4.522217856975946,-12.514112068927231
4.908789483686601,3.8338451228621233,-4.575777017931083,4.275711179717261
-1.3668090754064117,4.665756572427177,-2.3467386244453303,-25.021991954780162
-7.448393944088725,5.5651599009765995,1.0155387929982407,-40.59837711910484
-4.324481884025511,4.502617747632906,-2.0344008779406932,-32.66804677638592
-2.738354072027298,8.214691152039986,2.144241640712422,-34.97478744835429
2.9183448266320244,5.981949903276503,2.59005282521931,0.052617209433908796
1.4155660933782386,6.4697555720996345,-3.9748403593352553,-30.986190318447896
-2.878065482043075,6.325762537334826,0.1385446420676768,-27.196222753184458
9.730304975859593,7.34694771497065,0.08890555591055893,18.548980200300168
2.1154963871377426,5.3620431174074135,-1.3071922978445896,-7.045227556144937
-5.25546416528011,2.406336104088307,4.329248625696721,-14.29177609655617
-7.964350547591925,5.799375903505283,3.2750631987322123,-40.86730430237057
-6.94281721631336,3.697286212416342,1.9720938190963677,-34.178492765318346
-5.080845432309838,3.9427666365004863,2.143266357349976,-32.27049060734732
-6.786372534808887,6.172728037510186,-0.3828385618688088,-49.990455193748986
-6.268659518973885,7.476566142867272,4.209945210965758,-33.15077298167919
-4.298096626123058,5.042543153472123,1.9459542725328536,-21.246430391313005
-6.5325280941049035,5.617666025197927,2.2898106165581646,-39.594041400457336
7.9353084925285025,8.404429889270476,3.6169090378734516,13.991776114315853
-8.395325086767155,5.4815063589771365,-2.25928410657809,-59.06745951212504
0.4902277914050934,10.203366228360789,3.0707090386670295,-16.64398521579071
-1.7920634602067693,6.1310192912630885,-3.04759397043508,-28.329415537027614
9.647572338172129,1.4784744816883646,-1.5465804775511218,40.76779213483992
-7.759221956638953,6.506683242209065,-1.6438954573015732,-58.23634385368485
-2.042888019085167,5.7623167697655555,4.785254683891406,-17.778032512945607
9.389408665507379,7.579505508165491,3.5653722374792682,23.107092225119438
7.310142517879605,6.346362702539917,2.0116986159025974,17.457326884332716
6.3414414189856,4.723088032032452,2.270567616153901,14.659298624414683
-4.841943459101204,2.5514035274212685,0.6207279440257105,-30.145333982885706
-6.582248252198683,4.58195348542795,4.47090667108519,-26.726002478290347
3.3728643984886197,3.2989590915813998,-0.0374124711763848,7.1254321895854185
8.587519782551716,3.8389531003905546,-1.1948229013010545,15.862203523614465
1.135257860278596,6.177156808841219,-3.36964663068409,-13.952518241249972
1.432253789397997,8.339809008702812,2.8620565226105796,-7.715305277312269
-4.4004181267943165,5.7893430596459625,2.3444393207559147,-29.609340558364366
5.389858663838737,2.6082338759296313,-1.1564496147586514,11.819823109928933
-6.259125028849533,5.889205336440281,-4.748065860407706,-49.429958989954855
-3.526415271915127,7.393262973291302,3.3899732771801077,-33.81401880445549
-1.491271227671664,3.780434191361236,-4.885820165459264,-26.92787041986848
0.15220757368910043,4.7319656666541645,2.0369977962905095,-20.274988835670975
-5.151805351698395,5.0293763894583945,4.70257109726057,-21.90793015313294
-7.703263505215929,3.43020337383552,-0.6233867185179651,-50.1579036916155
2.212400848832651,6.2965608676877185,-2.650265950040472,-7.823511965668502
-4.227388935194885,4.758103702784437,2.0487101004338175,-28.737047118097465
1.6247644284522451,5.839064887814056,3.171281420155852,-5.733909018977369
-6.912745694515953,3.2250156443958,0.46430316077847333,-39.536092920116786
-0.3771979629036508,4.125083399353179,4.670352752561461,-5.983530914161598
0.6517886510317172,6.444762715655543,-4.483312783420389,-18.60110238394035
-8.963529263551461,4.254333695816466,0.04795598304528159,-60.96024945824008
-3.267914436121588,8.45392770246681,2.1845394732255006,-27.67953497499485
-7.311706461220515,4.200727628770795,3.626404711491789,-32.90608190270233
-8.732500590544646,5.449369451503772,-3.2074438809220993,-63.72810671782018
9.799204647798906,6.8651816637461796,3.0000348176368146,19.224781269984522
-3.5529231005055406,2.1632685341339366,0.5270707571854523,-11.265391354012051
6.197488917092699,1.4783823760384482,-1.034463180100368,13.558347780341057
-4.907186904724723,1.9486873708598105,-3.6828497142090644,-38.60726171287625
3.630054444478585,7.525168206854364,3.652957589089125,4.9372010473531445
5.204557197793731,3.8962837082151065,-3.4272679182028467,3.9676062115534823
1.9127748121568864,10.116398571336504,-1.9021214079090076,-31.191967163881973
-0.5684762289968326,3.871504802685223,-2.0995446803756312,-17.004383807771166
-1.7631817170546285,5.369102606394074,3.714140341908543,-20.86051742178504
-3.0226346691400945,8.08421990513575,1.72702994208898,-27.385031515676648
8.590582884956518,9.012185776318246,2.966813971913723,18.566256979064452
6.612388155754584,9.123007153272795,-2.49532101207501,-3.2500798668403545
9.300538213330253,7.416732461186285,1.248740996069989,19.257742768137216
-7.514055530289106,7.048125051622925,0.7174598314374867,-40.959736988813354
4.617349504072886,6.185053898402366,3.3283037678827103,6.569275493790992
8.766809136420758,6.5567221523332755,4.060870604812605,17.609440671204407
-6.3753386766867965,3.897628567342933,-4.878432285226132,-44.70373541506672
-8.67007465266445,3.363602233155386,1.7401991905879264,-30.860471681262535
4.822412985801181,4.993251085178096,-4.48164200880271,-9.727182795864243
1.489462263598238,4.659630754950143,0.48858665077355923,-8.851183742380288
6.836575535165441,4.093543901345449,-2.123672709563218,12.900555208006242
-7.20455246747421,6.392774894913431,-1.932234004778588,-52.130526809223014
5.905346237197804,6.910610417141021,-1.4704149654764342,-4.962794135471287
-5.967453599045109,5.176813772583695,1.2129244904961016,-31.36511745178696
-6.72688114268591,7.955060162110524,-1.659500343312308,-42.49150213361354
-6.714684041380141,2.71662177173299,2.3269905059028044,-29.373963173794387
6.291494404627642,4.612681081440564,-0.9547261442613033,4.898140636986266
3.303944413924002,3.5663553587943904,-4.316467996900414,-13.861027039755367
0.4613084953823865,1.26692676585388,2.8375984248410724,5.009530439755955
-2.8233903175299506,4.834638628314601,-2.14241675407294,-24.5629239466282
7.5440108162621655,4.756504983233433,-0.6723312040073735,16.937704639810526
-2.1510978515472923,8.026899486484261,1.8544388322190155,-28.988231405798196
6.331988789431541,6.2616233691095555,-1.67543842851288,0.24584993442520986
-1.217301828595632,2.95162635134159,-4.4341434385328435,-28.053191409063434
-2.4611114115018484,8.708185132668376,-1.260789529871864,-34.316823472131844
-0.7464042866078717,7.442067391050706,4.444485826943033,-11.85398955876961
-3.972442516717159,6.164195406937232,1.4173439729855817,-39.27631727516284
4.952187603525022,4.547031802300336,1.7147914866720697,17.54643287144664
0.05440780184958349,3.0811215265530407,1.3228215363763987,-3.5097341950379843
-5.355746097063654,4.255586447857894,-3.010078610405632,-33.211927726910595
7.991491465491368,7.177497239408372,-0.8166613589771989,2.0895126833603817
-2.3221755725357713,8.769172611869218,2.509397983633183,-37.40654493556157
0.8710572222797719,8.086487056544378,-3.9862710244684085,-29.492620878287347
8.12944221929094,4.022301156427452,-2.2214722391028774,18.521843064151618
2.484759918279842,2.7607651334219776,-2.236808915341464,6.164930556805324
-7.662039185832718,5.281772493822408,-0.6798107240549403,-44.32270110383231
8.796642472269504,1.4631212688742967,4.803687409421851,39.191174517238665
2.5541610614283563,5.646335428369563,-4.324974533161781,-20.504157144048285
-3.3018877068582775,4.7047948274026625,0.18700994380595048,-20.797912558433445
-7.214558546732254,4.067926996263515,-3.2063531798778957,-52.29824866422893
5.880503785405919,1.810593865466409,4.706765454097441,35.64610722728094
2.4014551185702704,6.027200213139433,-3.866964952725358,-17.631633318620477
0.6692218395264309,3.9345983206761774,-0.963989976384088,-3.1019771936017335
7.877851661019154,2.660166328579424,2.3788498483460616,31.683263805326856
5.771944224490614,-0.7445244265632986,2.045544280274453,28.72746129098897
-6.9665024053449764,4.9449701898987275,-0.772713631060677,-46.84332931232808
-3.765558644089035,8.544503193339487,-1.5347583204728177,-45.469800184050634
-5.030217203710685,8.32251842909574,-1.0238762144712945,-44.99459306919636
4.878925851453539,4.0858074868274565,-2.357237368413607,2.9295886895931567
-9.329351305284412,3.7955758792764387,-2.946670612932002,-57.5665311251745
1.39779369742633,5.937548512150047,-0.1696030244111002,-13.388833847155182
5.249173714813811,3.0032291216234173,-2.314662439323927,7.750567764332885
7.535312735234989,5.6035837996389315,-2.125383351027499,-1.5639376321058958
-3.158365025681851,6.53216055676938,1.5675606347455702,-26.803979929600914
6.425146093440258,7.453866447768615,4.685373316998922,7.811125540868997
-7.7873652608958555,4.799691847040094,1.0363720055937513,-49.24245458954493
6.929045834690363,4.592652499646068,-4.230205329350337,-2.9589065544309747
-7.450226753360352,3.244034826486878,-4.24416386145933,-56.99080170516015
-2.0542541887926546,3.3462392919202797,4.51423220845566,-16.004507729581583
5.9459073155910716,4.547042216196947,-2.0270920969266637,2.5432136317676655
-7.001651453024524,5.734731013632356,-4.079330139175246,-43.60316344371282
-5.414972095347171,6.827169252466499,0.990445871503816,-42.78990277525657
4.445051367861325,3.3936420986393103,1.2364877829026613,10.961005272672846
4.400730730921488,7.985377137919043,1.4850482011868813,-1.380705155165769
2.8229526577059456,4.457752797914862,-2.325979721424587,-6.078081274690735
3.8789688893420013,4.957265411303128,-4.848893157855249,-9.440924295881846
0.8544888669519235,3.5055766417043532,4.650153694544718,-3.7749358862121527
-4.964018821860945,0.1515194794541168,-2.491069543088975,-18.03813507058802
-3.086080129921611,6.7680907927220995,1.7602628805254747,-20.09208391861237
-6.368045663971486,6.473687794184867,2.0662986987870955,-49.173942111479775
8.169011226672566,4.437344885763573,1.1000741707948567,16.44401563655736
1.6678358953224084,5.133981434449744,-1.8709260578635178,-13.871504549671664
-1.9829716647272022,6.031878435408199,-2.2890374623593424,-35.42828586440305
-0.7598839271173468,1.8749082862269146,0.9766828270270311,-4.181067145816741
8.945666792236306,3.9418946453074106,3.6609563361169144,27.637534893223755
-6.932971937678396,6.588529359243655,4.4673372892339565,-27.737520910943623
1.7245966403359443,2.491421153661501,-3.9409419559624235,-2.5050178398475937
0.11777357768932006,5.587115864333258,-3.4517138740228015,-22.130810877127022
2.229084708692957,2.28683639075319,4.447362587830796,16.08548615477251
-9.63779632358319,5.932859964867053,2.365352283347926,-46.089558500451524
7.442478178883029,4.9287170354050325,3.829938248297731,19.823900665621263
8.642365649672247,1.769736368188981,-2.973673658646568,19.231819954119082
1.3026636717841793,7.329478708914342,0.8758587110940184,-14.635348702570035
3.9330164775378442,3.5308168464039014,2.011395944174737,13.470587881778867
8.449987623545915,3.3794951259712382,1.8011188544697267,27.959004818476487
4.144772686267972,5.401138394461886,-0.9184830913330186,-9.346273031934794
-6.949219141714773,7.29727469885743,-4.846051083086915,-63.39492504935943
1.5257672033362635,2.968356362043206,0.8292605680426313,-1.513343454671192
2.1343009276571188,5.123359699695944,-2.4689846082039124,-12.149172626496334
-1.5173865739522796,5.857633000661146,-0.49745753857109687,-14.774649490985711
4.728884712494457,6.386211214526288,4.575810150838173,1.9785857960803206
8.687340295380295,5.35288311055445,-1.009646823575653,19.1993644118859
8.511370258135528,4.265944321833356,3.398016066644267,35.48924574197203
-0.9832125719173579,3.344819558702561,-3.1145939425074887,-8.83924812167811
-7.735239083184895,5.172287766092749,1.7246049802502883,-45.03059678643706
9.696823979246691,2.855721976028786,4.770069544389434,42.21741634128027
6.777961728918683,-0.8427009669892147,-3.9810689912706323,24.52661362009435
-7.506746375934663,5.873119608315336,-4.91680057772808,-56.50253682637437
8.416837652347446,6.807869682172391,-0.664172073673857,11.42117140932837
7.3979272412425665,0.2741351289163232,-4.073745169486328,22.80169018674887
0.3767611425214419,2.980538590580125,2.4838434967623133,-15.128114634228409
1.8255087148985858,6.238308522010396,4.14548663848559,0.2884300208474917
-2.019945922597395,9.114990939423397,-0.6597902729124119,-36.11344753617475
-8.904767223559373,5.041587415350816,-2.4128835784455904,-56.68197278107245
-3.296055167081981,3.543994117541731,-0.6559668099339024,-14.893825662223133
6.057068971960227,4.63420711779032,2.2344781785000105,11.41994079751721
-9.907359539907944,7.74975283829637,-4.90945838419629,-74.71299338823862
-3.3300165661771164,3.708071641750929,0.8945398948469716,-12.697434889243638
-2.0366261281811333,3.401615986699493,1.1329168488737906,-20.24582529932471
0.7479120587584571,4.034512955635935,1.376882468959355,-9.10870210863796
8.397112328255211,3.0933427834825755,-2.579779200191228,18.413735445036416
-3.073080112680775,5.245340631989591,2.1405272337812677,-19.54361546848159
-3.0609359620754457,8.24935691693912,-4.086085136682236,-44.12497233571705
4.750024962194967,5.6461585462320585,-3.0072966353319917,-10.416095796341605
-0.9556411822038573,4.495292995747425,3.77470046654482,-12.419885598604012
-5.507903541200361,4.416377462168912,2.387231507265664,-33.543055702837904
-0.9512096773461316,1.873618382606686,-4.862544459886547,-19.536888003092905
-7.182859592404003,6.766219554294318,-2.5162373963019977,-51.93335353195382
-6.472260269875534,4.8443256059743955,-2.8559351700683546,-44.04285945812217
-0.03264454521040605,4.639040172818749,-2.2919367196302742,-27.511630908800427
-1.6214910099090414,11.38621513568972,-2.524402297201136,-40.37370910330331
8.296918021362,5.597505816731372,-4.374737042571542,8.908524780093915
-2.7521220176673378,3.4964178998096314,-0.4105948340317962,-15.396271200192306
1.6117670055608695,4.147284807588913,2.3273347478616513,0.8808747316534018
2.6452857583906066,7.29689141839351,1.0673172471743637,-3.668281938590563
-9.738110868233328,5.226540821075529,1.7287166859807979,-48.84190600694767
3.270747440334212,2.1234440433652666,-4.188508214637609,5.0667699829795705
-6.439280662604972,6.838457869150407,4.5149071017678715,-34.631428874246474
9.221406349389103,3.663711828922012,3.384918338430248,32.17475035543635
-7.026745444937741,8.74659555243509,3.0509031849566277,-36.88278846490858
-1.7075175254595258,7.160096131429297,3.2298380504176745,-17.405496783891184
-8.293006638427123,4.1053562086824975,4.327105081327613,-33.965162912078696
9.937485036918947,7.562032723470226,0.4425396611369772,11.56739921684738
0.04390020662485128,5.1357110210548065,-2.997179821323741,-27.667429966630184
1.9077003464008762,6.705547350244439,1.1678360785254114,-8.686591097369725
-8.65847045223145,5.96946563458895,2.42881493667939,-46.95704285049266
4.999209407983557,3.3072866900182527,2.3791739335402537,11.762712603918395
-5.801888138088285,3.712900335365076,0.21449024166880104,-33.212359577050464
7.961085788814273,7.059921635162322,-4.315412806664219,9.976887276659667
-5.897207190359857,4.330449335786918,-1.2888706156987215,-35.68090562744613
-6.186245586726669,4.1927030735160065,4.207666084633573,-34.612801946951244
-9.269006643038102,3.089754841301294,0.84448909757426,-45.213857036622485
-0.5586610978000159,5.847198131186922,0.3833194325571343,-23.034432323909364
1.2968226652523285,9.12504983848629,-2.311464856178065,-28.749288148848493
-8.685827211432953,2.8649341714914542,-1.3155108008342111,-48.0372112900228
5.510552333900211,5.0484389133455165,3.9534608915316927,12.415586465607655
-0.9342233050394473,7.8244411108308585,1.664630475268357,-30.156632461980628
0.4878053865516012,4.84071721750857,2.873870267523328,-7.461462978863601
-1.1847450612354375,5.904743592499468,-0.4565457693234487,-26.169340745323602
-1.98473878249348,2.8752129437062406,1.3024721945615791,-28.606893021980824
1.1928066261643586,5.856614194415297,-2.516163912567925,-7.566083781215989
-6.89519508138575,4.625711469990902,2.054608302834863,-31.904849858762624
-6.3614373900945775,6.971459991359726,-0.7239866629666274,-49.68960648501572
7.235712420270346,7.374772103129502,-0.5745448518525444,5.763538916690779
8.922309242672654,10.179127284037229,1.4932232457688164,2.280029873528753
-2.533813674404941,6.1592663464271515,4.362806214689266,-11.408826918468359
-4.585106537128924,5.6515926331643325,-4.359936533913791,-34.52863364197072
2.8799908647803143,5.388768603154672,3.247432373470076,2.631991037830019
-1.8253165780380716,4.293667414378623,-2.0761688958780686,-19.21695312611757
-9.492272886793103,5.6769676869233825,-0.5608054549362222,-55.24517162314538
-6.876948052676193,4.409197179721941,-4.78086671224991,-56.98074436875007
4.3194445769479515,5.336921952539228,-1.9895392216568695,-4.7711828379579035
3.178478838203027,7.63519507121592,0.02631242630130437,-9.479405174373259
-9.45808014993033,2.9869148694407177,-4.43823922652561,-57.942282254811914
-5.560556761341012,7.279757122258091,-0.08904270616834875,-45.35285021165019
-5.378504068238572,7.634230134679731,4.2711062885842725,-36.331491887370504
3.4378548719745687,4.763862946017842,-3.946067818921948,-8.836697477326457
-9.605789244912717,0.7562902019828108,2.6444072807550434,-35.1419205716018
-7.917828360308523,3.7843560258111353,-0.9032894662400732,-50.133985783130655
5.998321707463788,7.593989093122218,1.5517371452433801,0.7297130953355762
-6.429106758913328,4.954263875402236,-2.3976340201477067,-51.797408030655276
3.0549221570374936,3.0013955354101785,-3.4050773745864173,1.2944250211776067
-5.23634437906547,3.990450157543565,-3.3953738572877357,-50.235710412669675
-8.011172144813097,6.681240053009106,-4.295080543568553,-54.91061810883219
-5.136556180010919,6.093467136402759,-3.14353295098757,-38.18194504491287
4.445338637113183,4.522135801660611,1.6421938498896829,5.988431908337157
7.113929362125717,4.266351176370625,3.81690611843508,10.274790717124656
6.604397291339833,4.216483701912356,3.1412568559116174,18.244098961609044
-2.056329407630903,3.155179631002995,1.8513430987448407,-14.309091132487014
3.3617027314129224,8.230751378938884,-3.895681365888973,-24.08979704258747
-5.900314091683581,4.35535906157732,-2.1081255370405017,-43.4596765945885
-4.137045394779735,7.434317041650993,-1.9019312467753102,-35.00401920330577
7.926716370422394,8.042632103844902,-2.5004305360237877,5.9027439096159995
-9.73996152978528,6.996621796295921,0.1500565970972314,-64.27241888572492
-8.28982938291064,4.136759374563903,0.3555381487967253,-52.84651520571798
-5.842274897079454,5.807460180673219,-1.431140248288898,-45.28884721496413
-9.469355922523606,4.951608787218167,-1.46210841263564,-56.7237507737724
-6.371291298204054,3.1925962785397437,3.2855559790608133,-26.010846133497232
1.6608312193938435,5.6487185634432056,2.8929284831968562,-7.193557409198827
-1.5715089881500415,2.641920417680395,-1.9220416831925435,-15.498382695217131
7.853434221539498,7.375358776923127,4.137884438732593,27.239199633154946
6.3488712347688185,4.070765405403214,4.528150170025061,26.31699417513707
-3.1636529660424806,5.4023193117456785,-1.732574579699592,-32.567161495460006
-4.81153133137415,5.566575743092284,-1.4557505120694514,-39.77310593417883
-2.4061518366546615,4.482190052591846,0.05634153421958832,-24.74186010685436
1.8058988502961544,6.17338760295055,4.411208125336735,3.429053405267159
-4.638727183542475,4.050192686754951,3.763194331423115,-26.315665361345037
2.4829781569826803,6.742594594914488,-3.974320374164102,-18.018398360141035
-1.811766956175191,2.308040639506503,-1.0726925672858378,-16.060585368386523
1.0409436170396056,5.2527591590928235,0.5337118974977182,-13.036000178182272
-1.2774694172936663,8.87785799811657,0.03132472551540033,-38.54312995191408
-4.110684809161647,2.9993373507888506,-3.0613693206310733,-29.948617412186945
8.969066139243132,3.644510058950297,3.588167711681546,31.814049944207817
5.272115883195216,6.02781569931783,1.7694078299683733,9.04503444194697
-7.1977364846709495,5.359163563879196,3.3790837485180365,-40.778270665481145
7.369359517958255,5.701260198547119,3.5876427934947213,25.653049557246344
-0.25137603500972716,5.978374260295327,2.483558536657398,-18.35737875366932
7.891044537881829,6.269442937123539,-0.6078939875028269,20.100262785240506
5.997105118946305,7.219399683912446,1.1054675501542457,-4.197026024784936
-1.4957299106153314,5.819637313857025,-3.3963459388025683,-28.06067313885308
-9.550613833597652,4.517484690762915,1.7364541747490767,-45.90484764454808
-4.626452812301078,6.345147402405463,-3.2074674426071925,-47.9339736813395
0.8326842932173388,8.799763869790432,1.9394959051015679,-17.06759293699374
2.6695643965229454,4.7347325072348525,-2.7040183924603136,-2.536383371732609
-4.842246291335954,3.050941390658717,-3.8244869984978003,-47.25487753108589
-7.212878518543517,7.214161338573946,-3.3471550985704255,-54.674584249582686
6.698604735985981,4.759237672092803,-4.9800786478092975,-9.90980546960347
9.688043614071042,0.6546609079719277,2.1873961785353027,36.334660071822945
0.5138036460537165,6.694843354300843,2.324010490583791,-5.235462673015357
-6.5664142830339305,3.9293436280921545,0.1493334991325943,-40.66393118510726
-4.553853469612621,4.818933435391679,-3.386371989446163,-45.3143579855627
-9.632186469050666,5.663960661138029,-4.164456624893102,-64.83922975432637
8.285976131209981,5.380999359558133,-4.80871033562713,17.72301746572903
-7.644978342197177,6.418903634278079,-3.342518230347793,-65.68007196834866
1.5303295102850711,4.129027258860313,3.9085553498314667,-3.7052025939744446
-4.51889558625588,6.026211596352166,-2.5846315829831825,-33.83632188414825
1.0835600503158673,4.4809066448321655,-1.4572867278278432,-2.7345414712000515
3.028407767037285,6.477620961775006,-3.9465451551866684,-15.729478249000636
6.594836074144034,6.230734968026107,-2.776386952518297,-4.060898025171994
-5.871574564787936,3.1291225959108093,0.1922457078020514,-22.009957122234276
-9.780083426830391,7.1719642323500645,1.0775268309565256,-50.50896078371272
-7.2622873986238545,3.928073109771904,-2.5464768583378894,-42.53158770167575
8.0003728369621,6.61611559656229,-4.422678407748828,-0.7542240020232276
7.477801551250305,5.734574626802681,-1.0896713087260137,10.282993002950969
1.9482620434061655,8.676367353590244,-2.657966290736659,-24.353786873843543
2.010337208673068,4.553068035256295,-2.804460767701981,-9.572520283402687
3.3007334909251096,4.301366407763605,4.598628027134552,16.75109798533541
-6.492574427531008,4.961160788224535,1.1630048592572404,-34.13068515059614
8.288238918499196,4.3936404343314495,0.5687844317209585,15.722722849520562
-1.6245895021585373,6.5998838038841,-0.8422489647667808,-21.100025099722323
-2.337229435010051,1.7673787831268242,-0.7105566656985571,-14.506506720752014
0.37835410565675076,2.892635161707292,0.40905003838080845,-2.911060006438675
-9.0606806644989,2.864394156841614,1.9642980703610728,-33.57460469140527
-6.674332624878412,6.900615183947151,2.0214609618182946,-48.91415537528626
4.760672328527409,8.42122674516385,-3.2830609229455043,-12.966240660805234
-8.344026641497472,4.791101562925057,0.0011275207662695408,-50.40442897002859
2.0630421893277635,4.662356553619979,-0.8804190496589808,-15.335036129694124
-5.093017806373581,5.140104326226362,3.7052696626938424,-26.648294990761126
-2.214087719160469,7.323756605216381,1.3141892121837637,-15.641459510001377
-4.226125264586003,3.145293731618852,0.32504066415981825,-34.890689647409694
-2.8865456707010173,5.47673796546957,-3.8460535782108263,-35.829906790881786
4.380918103684909,6.95039525956486,1.0563788932341147,1.9879590978871544
-4.057565687536499,6.002188339879691,-3.8279609431976658,-41.27735864789949
1.3280928059379438,5.379163233197486,-1.6279342443424794,-14.646627227104343
-0.4789919560180067,7.002092185134282,-3.5715803518566815,-36.56148690041736
3.273423307252962,-0.40646458599847435,1.920736470243689,19.318493642195467
8.73659478649516,6.3557506390618155,-2.937478861638474,6.220349620438618
4.651441944205006,3.6918486337451526,-1.08140626811974,-5.582199185547681
-5.701192428184864,1.3387342062870862,3.956747776187786,-12.934515676656488
-9.376337298774306,6.022405199049961,-2.956836166010297,-56.69430802505749
-4.754719114003498,7.747317090325915,0.0780506395877909,-41.84642156356075
1.901558614005097,4.725102970744616,-0.8072833883397799,-7.038267791864508
-8.971483730314993,6.905749094405878,-4.818759589542703,-60.8691113199852
-0.07267505597527268,8.22455651597729,2.9275811357281274,-17.987509216486295
1.9368569783377847,7.629828907168095,-4.3095409368540025,-19.241052908054577
-3.315122183660783,8.279929058742786,-0.25744979023046355,-40.102586495701665
5.418244074916439,6.484254982143785,0.6067829493894994,9.993695944883132
-7.868034937324564,5.150867277803186,1.284264566145871,-42.752283820752645
-8.497244365283825,1.796068376205663,1.8863162930787558,-34.634290285565406
4.563775124072066,4.507875023740103,-2.467276164772849,-6.5533823480379025
-0.09017367587603076,3.3135068093676168,-4.900212233415506,-18.66686032692944
3.7680479285547204,9.341885434995628,2.2344366235491195,-12.644365931142021
-1.3034532279250755,4.648228375135327,0.3565659934757859,-21.636779682797183
-5.071959335217864,5.2464096135689715,3.3611770320724883,-33.381590259014
6.382046353483993,6.102970752080935,3.2138836290069435,8.315865756210929
5.988317579379585,5.087204892744907,3.433261677878832,26.18203601012609
3.893929417088536,8.390102080861507,-0.14905340020459867,-3.2360000646975564
-4.5570972554007465,3.754701276531096,-1.6637160416313437,-23.218087423737654
1.804613337381742,5.389214910474485,2.9155820259137,-9.232502427846907
-2.7805220611994645,3.5150588286039035,-0.48705886970745027,-22.285113720470004
-8.168358533467316,2.3599549775585884,-3.165578035965655,-52.551993264496815
8.346271509244858,3.7764618181894294,3.549740195614744,25.67670658765531
-7.263627381620772,4.9259264059031755,3.8255987677234735,-40.771726125828536
9.004747076416049,4.1413955509654805,-0.33690243859829927,29.118916807778962
-1.0798845408408848,3.615158040252288,-4.243002726902125,-25.632166128433454
