Age,Salary,Gender,Purchased
56,81272,Female,1
46,112152,Male,1
32,87649,Female,1
60,84674,Male,0
25,33760,Male,0
38,41927,Female,0
56,106475,Female,1
36,81367,Male,0
40,117955,Male,1
28,32588,Female,0
28,72233,Female,1
41,64738,Female,0
53,53397,Female,0
57,102189,Male,1
41,96367,Female,1
20,91260,Female,1
39,96619,Female,1
19,39816,Male,0
41,62240,Male,0
61,26276,Male,0
47,99530,Male,1
55,43499,Female,0
19,108576,Male,0
38,102495,Female,1
50,91635,Female,1
29,105112,Female,1
39,55946,Female,0
61,75204,Male,0
42,71886,Male,0
44,91652,Male,0
59,35563,Female,0
45,112324,Female,1
33,112464,Female,1
32,29847,Female,0
64,46155,Female,0
61,99671,Male,1
20,103310,Female,1
54,87278,Male,1
24,38309,Female,0
38,20619,Female,0
26,103194,Male,1
56,70108,Male,0
35,54707,Female,0
21,40337,Female,0
42,101537,Female,1
31,86504,Female,1
26,67614,Male,0
43,111428,Female,1
19,111155,Male,1
37,20281,Female,0
45,47420,Male,0
64,100896,Male,0
24,59030,Female,0
61,21058,Male,0
25,106213,Female,1
64,96260,Male,1
52,48404,Female,0
31,49856,Male,0
34,29200,Female,0
53,84178,Female,0
57,53997,Male,0
21,45611,Male,0
19,61235,Male,0
23,55057,Male,0
59,21239,Female,0
21,85661,Male,0
46,65272,Female,0
35,109393,Male,1
43,81212,Female,1
61,35398,Female,0
51,76503,Female,1
27,26638,Female,0
53,26570,Male,0
31,88785,Male,1
48,29110,Female,0
32,99141,Male,1
25,32115,Male,0
31,59062,Female,0
40,42911,Male,0
57,52556,Male,0
38,98131,Male,1
33,21969,Female,0
62,63753,Male,0
35,102811,Female,1
64,24470,Male,0
41,30225,Male,0
43,43196,Male,0
42,33669,Female,1
62,57380,Female,0
58,68320,Male,1
46,67414,Female,0
32,35577,Male,0
62,108009,Female,1
18,75409,Female,0
42,48625,Male,0
24,101040,Male,1
26,44089,Male,0
41,56487,Male,0
18,85838,Female,0
61,116999,Female,1
25,114795,Female,0
41,70138,Male,1
28,62823,Male,0
34,57208,Female,0
25,74061,Male,0
52,50659,Female,0
52,51890,Female,1
50,99134,Female,1
22,67055,Female,0
59,39508,Female,0
56,62287,Male,0
58,98916,Male,1
45,46984,Male,0
24,28125,Female,0
26,56059,Female,0
25,89569,Female,0
29,37087,Female,0
51,25704,Male,0
50,80576,Male,0
40,93384,Female,0
41,107128,Female,1
54,92460,Female,1
52,47208,Male,0
61,105150,Male,1
57,86024,Male,1
39,59882,Female,0
44,45923,Female,0
52,49165,Male,0
18,87203,Female,1
52,111749,Male,1
54,24114,Female,0
64,84965,Male,1
31,56321,Female,0
20,93297,Male,0
18,116652,Male,1
22,119304,Male,1
43,45426,Male,0
31,37772,Male,0
56,23712,Male,0
44,21367,Female,0
26,111736,Female,0
32,71924,Female,1
32,23726,Male,0
43,109152,Male,1
59,47723,Female,0
30,29108,Male,0
49,97714,Male,1
56,55643,Male,0
49,51324,Male,0
21,103360,Male,0
47,28927,Female,0
54,113680,Female,1
40,116546,Female,1
56,42443,Female,0
62,99973,Female,1
32,83449,Male,0
60,96743,Male,0
46,80233,Male,0
53,45537,Male,0
30,97576,Female,1
49,42612,Female,0
24,113977,Female,1
39,26471,Male,0
45,55631,Female,0
19,112059,Male,1
59,51348,Female,1
62,84732,Female,1
23,21177,Male,0
45,24760,Male,0
45,52779,Female,0
61,41636,Female,1
61,101889,Male,1
37,73551,Female,0
47,31556,Female,0
28,47598,Male,0
45,31563,Female,0
42,66819,Male,0
56,93770,Female,1
50,111055,Male,1
18,46966,Female,0
44,101709,Male,1
30,79889,Female,0
58,46987,Male,1
20,98714,Female,0
56,78348,Female,1
23,44596,Female,0
25,53174,Female,0
44,84106,Female,1
26,89967,Female,1
54,79182,Female,0
50,113300,Female,1
59,107163,Female,1
61,59310,Male,1
41,76088,Male,0
32,28906,Female,0
49,56914,Male,0
49,65379,Female,1
41,98612,Female,1
58,57650,Male,0
29,66881,Female,0
56,66413,Female,0
19,26012,Male,0
20,70115,Male,0
54,27151,Female,0
34,77716,Male,0
19,113747,Male,1
19,112653,Female,1
45,56378,Male,0
40,62652,Male,0
54,92430,Female,1
49,33467,Male,0
50,51010,Male,0
18,74691,Female,0
36,84157,Female,0
19,32289,Female,0
61,64976,Male,0
43,63596,Female,0
49,43171,Female,0
23,106365,Male,1
49,119590,Female,1
21,64139,Female,0
28,68713,Female,0
34,49734,Female,0
55,92588,Male,1
41,83646,Female,1
22,23654,Female,0
51,109022,Male,1
23,38743,Female,0
39,68368,Male,0
28,110025,Male,1
33,94172,Male,0
50,26441,Female,0
26,44611,Male,0
23,32149,Male,0
33,79189,Male,0
46,41675,Female,0
20,91031,Female,1
37,62668,Female,0
53,33673,Female,0
36,96666,Female,1
43,108204,Female,1
20,100758,Female,1
36,85429,Male,0
37,43669,Male,0
49,54068,Male,0
24,108789,Male,1
58,29435,Female,0
50,114088,Male,1
57,72249,Male,0
56,57384,Male,0
35,101929,Male,1
57,96153,Female,0
18,95388,Female,1
28,51401,Female,0
45,91831,Male,1
42,54084,Female,0
40,75826,Male,0
48,56451,Female,0
47,27227,Female,0
59,51910,Female,0
52,56041,Female,1
24,108920,Female,1
33,85681,Male,1
43,101571,Female,1
19,85481,Male,1
18,88576,Male,0
29,84174,Male,1
22,46160,Male,0
54,37633,Male,0
49,114880,Female,1
26,37014,Female,0
58,100532,Female,1
52,69104,Female,1
36,61621,Male,0
33,97231,Female,1
20,88388,Female,1
37,36014,Male,0
41,112578,Male,1
50,53755,Female,0
41,60390,Female,0
28,43711,Male,0
25,111658,Female,1
53,77993,Female,1
55,94696,Female,1
57,47213,Female,0
37,77784,Male,1
52,27421,Male,0
42,106936,Male,1
52,119073,Female,1
42,37727,Female,0
46,24358,Female,0
35,85108,Female,1
63,114018,Female,1
35,52117,Male,0
19,108700,Female,1
52,51910,Female,0
33,118032,Male,1
58,75754,Female,1
53,82438,Male,1
50,49371,Male,0
21,71501,Male,0
50,80946,Male,0
31,58467,Male,0
38,37625,Female,0
37,53893,Male,0
25,96329,Male,1
24,51007,Female,0
20,111302,Female,1
34,59532,Male,1
50,74253,Female,1
29,32323,Female,0
39,93379,Male,1
39,34210,Male,0
63,36456,Female,0
47,51367,Male,0
55,74624,Male,0
55,30106,Female,0
62,88008,Male,0
25,92240,Male,0
44,84315,Male,1
44,89249,Male,1
51,90587,Male,1
38,30756,Female,0
47,88011,Female,0
50,56378,Male,0
45,24255,Female,0
64,34484,Male,0
50,76549,Male,0
22,54503,Male,0
36,93794,Male,1
21,65113,Male,0
52,94069,Female,1
34,118117,Female,1
61,25249,Male,0
45,39201,Female,0
47,78576,Male,0
46,29686,Female,0
63,73363,Male,1
23,117543,Female,1
52,20661,Male,0
58,64843,Male,0
54,115673,Female,1
41,80963,Female,1
46,62828,Male,0
63,68604,Female,1
48,30526,Male,0
52,88910,Female,0
50,45592,Female,0
38,48982,Male,0
49,20207,Female,0
40,108733,Female,1
50,118936,Male,1
20,88619,Female,1
35,49328,Male,0
42,66479,Male,1
59,40103,Male,0
48,59891,Male,0
20,30754,Male,0
57,119983,Female,1
63,101437,Male,1
41,118540,Male,1
49,92982,Female,1
64,75922,Female,1
39,68231,Female,0
40,49301,Male,0
19,111652,Male,1
44,82711,Male,0
59,61323,Female,1
19,38752,Male,0
43,117912,Female,1
34,102205,Male,1
57,118452,Female,1
50,33395,Male,0
26,105957,Male,1
60,76273,Male,1
56,111878,Female,1
46,24895,Female,0
59,96559,Male,1
43,30699,Male,0
52,85061,Male,0
42,29715,Female,0
41,39169,Male,0
30,36163,Male,0
24,25782,Male,0
53,108177,Male,1
62,104328,Female,1
37,55585,Female,0
18,50682,Male,0
25,67864,Male,0
63,104416,Female,1
33,75114,Female,0
31,58067,Male,0
29,62685,Female,0
40,38073,Female,0
32,56035,Male,0
45,84977,Female,1
51,110373,Female,1
19,103362,Male,1
49,110517,Male,1
40,85450,Female,1
39,30382,Male,0
42,24437,Female,0
39,90971,Male,1
39,84612,Female,1
59,110355,Male,1
23,81929,Female,1
32,117518,Female,1
60,118864,Female,1
54,32329,Male,0
50,45169,Male,0
25,107468,Female,1
61,54594,Female,0
61,96957,Male,1
22,80631,Male,0
56,65033,Male,1
21,83133,Male,0
23,93165,Male,0
62,93861,Male,1
49,72290,Female,1
47,114031,Male,1
64,51750,Female,1
52,115155,Male,1
57,60461,Male,1
33,93800,Female,1
30,98222,Female,1
59,44226,Male,0
47,26721,Female,0
36,76154,Female,1
34,40609,Female,0
36,72130,Female,1
45,92909,Male,0
43,75249,Female,1
54,68895,Male,0
43,114473,Male,1
40,25656,Male,0
26,94520,Male,0
29,83740,Female,0
18,84309,Female,1
18,49984,Male,0
64,93822,Male,1
51,25901,Male,0
49,51552,Male,0
42,111245,Female,1
57,51055,Male,0
62,57685,Female,1
18,93965,Male,0
33,34716,Male,0
56,31138,Male,0
22,55298,Male,0
39,71112,Female,0
46,43429,Female,0
20,70200,Female,0
29,91308,Male,0
43,68244,Male,0
33,37347,Female,0
54,36920,Female,0
39,51822,Male,0
46,66659,Male,0
31,60108,Female,0
45,109099,Male,1
22,27967,Male,0
64,31871,Female,0
47,114299,Male,1
63,97452,Female,1
22,94270,Male,1
29,53613,Female,0
33,48179,Male,0
43,72188,Female,1
43,75099,Female,1
38,55262,Female,0
56,98213,Female,0
53,38268,Male,0
50,97866,Male,1
47,106269,Female,1
54,80545,Male,0
40,112822,Male,1
27,92146,Male,0
22,91966,Male,1
53,59922,Male,0
51,99364,Female,1
48,62913,Female,1
27,117033,Female,1
36,75677,Female,0
49,69841,Male,1
18,66332,Male,0
22,112062,Female,1
62,115694,Male,1
21,45032,Male,0
33,57846,Female,0
41,79474,Male,1
33,64936,Female,0
19,49794,Female,0
45,81588,Male,0
49,90984,Male,0
44,70331,Female,0
37,114397,Female,1
41,48141,Male,0
29,29074,Female,0
52,26406,Female,0
50,117359,Female,1
50,43291,Male,0
60,61568,Female,1
54,117539,Male,1
29,66851,Female,1
20,119942,Male,1
18,74823,Female,0
50,43312,Male,0
57,63108,Male,0
27,86918,Male,1
60,54171,Female,0
61,61779,Female,0
46,88828,Female,1
30,118723,Male,1
29,32411,Female,0
48,77009,Male,0
63,35422,Female,0
19,62468,Male,0
52,52371,Male,0
40,77022,Male,0
34,91229,Female,1
43,119071,Female,1
25,71196,Female,0
46,100354,Male,1
43,116774,Male,1
27,116410,Female,1
43,46715,Female,0
51,47605,Female,0
58,119853,Male,1
24,51174,Male,0
21,29956,Male,0
62,96373,Male,1
28,89252,Male,1
46,81949,Female,1
53,82646,Male,1
42,90017,Male,0
38,83037,Male,1
53,109818,Male,1
27,26548,Male,0
54,93294,Female,0
26,43177,Male,0
41,44022,Male,0
52,25542,Male,0
52,111012,Female,1
53,116320,Female,1
35,80428,Female,0
56,42740,Male,0
49,79353,Female,0
41,110353,Male,1
40,76532,Male,0
49,36052,Female,0
54,67076,Male,0
29,73420,Male,0
30,20671,Male,0
40,20163,Female,0
42,61424,Male,0
52,73744,Male,0
58,90331,Female,0
47,30634,Male,0
34,24798,Male,0
37,42420,Female,0
42,49300,Male,0
39,109881,Male,1
30,30749,Male,0
36,45121,Male,0
53,57487,Male,0
29,113947,Female,1
58,53361,Female,0
36,41223,Female,0
29,92930,Female,1
26,34056,Male,0
24,48380,Male,0
45,46035,Male,0
31,50620,Male,0
48,39877,Male,0
36,75316,Female,1
64,84041,Female,1
33,73352,Male,0
22,50911,Male,0
52,52784,Male,0
29,23191,Female,0
42,53160,Male,0
38,110536,Male,1
53,84641,Male,0
40,69723,Female,0
33,23631,Male,0
56,26172,Female,0
62,62080,Female,0
59,109097,Female,1
56,110353,Female,1
31,40281,Female,0
48,48671,Female,0
22,71431,Male,1
52,110900,Male,1
40,112961,Male,1
46,48602,Female,0
60,108789,Male,1
28,71399,Female,1
35,43472,Female,0
64,69230,Female,0
29,93616,Male,1
26,27099,Female,0
27,45431,Female,0
61,76492,Male,0
34,116722,Male,1
55,67684,Female,0
24,50111,Female,1
63,83936,Male,1
30,42614,Male,0
57,112260,Male,1
59,61991,Female,1
26,90476,Male,1
44,80920,Male,0
19,114294,Male,1
22,83530,Female,0
46,56224,Male,0
54,27788,Male,0
55,48082,Male,0
36,109570,Male,1
25,96816,Male,1
62,103588,Female,1
18,36531,Female,0
39,108340,Female,1
34,114439,Male,1
24,64857,Female,0
42,30142,Female,0
62,68355,Female,0
21,29866,Male,0
53,90067,Male,0
23,84027,Female,0
48,77906,Female,1
36,48138,Male,1
61,112601,Male,1
56,49956,Female,0
44,96295,Male,1
27,25439,Female,0
43,67241,Male,0
36,62533,Female,0
56,48270,Female,0
20,98815,Male,1
62,59279,Female,1
30,43888,Female,0
45,37630,Female,0
37,81063,Male,0
45,55144,Male,1
25,72161,Male,0
58,116718,Female,1
56,111074,Male,1
18,97360,Female,0
20,70979,Female,0
30,117661,Male,1
45,26979,Male,0
42,46189,Female,0
50,62600,Female,1
55,79560,Male,0
23,98040,Male,1
61,81558,Male,0
62,106205,Female,1
49,26910,Female,0
62,77713,Female,1
64,66857,Female,1
38,54964,Female,0
33,105667,Male,0
38,45227,Male,0
28,25978,Female,0
54,107527,Female,1
53,37153,Male,0
52,79765,Male,1
36,119084,Male,1
37,59071,Male,1
35,89519,Female,1
64,29503,Male,0
58,80703,Female,1
31,84379,Male,0
32,115457,Male,1
48,77866,Male,0
18,36905,Female,0
20,65838,Female,0
33,78279,Male,0
40,109489,Female,1
28,46806,Female,1
29,65000,Male,0
27,42168,Male,0
49,90119,Female,0
33,58714,Female,0
25,74093,Female,0
55,75419,Male,0
29,69145,Male,1
41,97425,Female,1
45,112949,Male,1
25,97811,Male,1
45,22461,Female,0
53,34291,Female,0
43,66804,Male,0
25,96971,Male,1
45,113471,Female,1
45,84946,Male,0
54,118989,Male,1
58,104080,Female,1
53,81332,Female,1
44,97794,Male,1
34,50841,Male,0
26,68758,Male,1
50,96272,Female,1
37,57643,Male,0
30,70408,Male,0
45,63950,Female,1
46,76849,Female,0
30,48044,Male,0
63,35997,Female,0
52,99751,Female,1
23,118605,Male,1
35,43911,Female,0
22,75533,Female,1
64,102566,Male,1
42,114870,Female,1
19,34571,Male,0
27,114463,Male,1
47,77941,Female,0
62,78005,Female,1
22,106250,Female,1
50,78712,Male,0
18,63541,Female,0
35,43387,Male,0
49,113980,Female,1
64,68908,Female,1
28,105457,Female,1
38,33057,Male,0
43,84028,Female,0
42,75731,Female,0
39,44858,Male,0
44,68689,Male,0
30,64638,Female,0
50,111598,Female,1
51,66486,Female,0
58,40567,Male,0
52,49739,Male,0
18,77804,Male,0
38,23754,Male,0
23,47044,Female,0
45,87260,Male,0
34,86912,Male,1
22,28706,Male,0
48,28894,Female,0
22,38037,Female,0
55,103986,Male,1
20,101942,Male,1
40,71612,Female,1
54,49725,Female,0
54,25926,Female,0
27,29496,Female,0
27,76447,Female,1
36,49806,Female,0
34,108199,Female,1
38,61321,Female,0
31,85095,Male,1
26,42656,Male,0
63,75147,Male,0
18,111396,Male,1
62,69666,Male,1
30,102368,Male,1
21,58787,Female,0
18,82946,Female,0
57,41727,Male,0
49,115081,Male,1
51,88056,Female,1
45,23081,Female,0
48,54196,Female,0
25,56735,Male,0
56,100102,Female,1
43,99578,Male,1
51,45498,Male,0
20,96865,Female,1
29,51656,Female,0
18,87695,Male,0
61,57900,Female,0
22,104899,Female,1
47,67701,Male,0
47,39033,Female,1
34,30805,Male,0
64,55851,Male,1
40,46832,Female,0
32,83437,Male,1
54,33944,Male,0
38,39873,Female,0
31,60372,Female,0
19,109464,Female,1
28,35379,Male,0
56,56751,Male,1
55,109822,Female,1
51,25110,Male,0
55,74341,Female,1
51,32087,Female,0
35,43762,Male,0
47,102617,Female,1
32,29596,Male,0
44,38313,Male,0
51,86549,Female,1
55,43705,Male,0
50,87364,Female,0
41,93445,Male,1
32,98645,Male,1
47,22023,Male,0
59,79796,Female,1
34,100073,Male,1
22,112197,Female,1
46,84429,Male,0
21,81627,Male,0
27,53848,Female,0
34,57804,Female,0
27,35379,Female,0
34,79664,Female,0
37,47766,Female,0
41,88099,Male,1
22,56060,Male,0
51,114733,Female,1
23,89122,Male,1
19,36087,Male,0
30,68868,Male,0
60,43225,Female,0
60,115286,Male,1
28,26643,Male,0
64,113059,Male,1
40,56727,Female,0
33,31005,Male,0
48,85697,Male,1
28,36029,Female,0
33,34226,Female,0
25,83646,Male,0
21,80603,Male,0
57,48731,Female,0
21,88926,Female,1
42,25997,Female,0
20,75506,Female,0
49,98229,Female,1
20,69815,Female,0
44,62092,Female,1
46,82539,Male,1
49,86077,Female,1
36,41817,Female,0
38,57861,Male,0
22,33428,Female,0
35,63934,Female,0
45,30258,Male,0
59,77775,Female,0
39,101580,Male,1
38,114947,Male,1
23,25469,Male,0
18,48854,Male,0
22,26256,Female,0
58,96256,Male,1
29,53937,Male,1
43,119134,Female,1
63,21651,Male,0
51,70288,Male,0
31,104730,Male,1
43,45051,Male,0
62,47386,Female,0
44,95054,Male,1
26,36184,Female,0
43,53787,Female,0
64,41621,Male,0
39,95564,Male,0
64,97984,Male,0
47,79792,Male,0
60,65253,Female,0
34,54051,Female,0
43,69811,Female,0
53,50447,Male,0
18,103930,Female,1
25,50254,Male,0
52,104045,Male,1
32,77418,Male,0
64,34472,Male,0
39,23471,Male,0
31,115804,Female,1
43,28329,Female,0
45,54865,Male,0
40,66850,Female,0
31,74220,Male,0
41,113808,Male,1
19,26397,Male,0
62,117909,Female,1
43,55525,Male,0
31,73072,Male,0
24,110106,Female,1
20,103820,Female,1
64,104530,Female,1
40,43284,Male,0
63,81330,Male,0
60,103369,Female,1
64,45122,Male,0
62,90553,Female,1
35,101906,Female,1
55,114788,Male,1
52,82812,Male,0
32,27999,Female,0
42,42436,Female,0
54,62963,Female,0
45,22096,Female,0
27,45279,Male,0
56,46201,Female,0
34,39715,Female,0
56,49309,Female,0
39,35078,Male,0
43,76614,Male,1
61,25105,Female,0
42,114848,Male,1
34,22839,Male,0
30,88920,Male,1
37,63619,Female,0
42,62821,Female,0
21,33493,Male,0
27,37069,Female,0
20,27531,Female,0
58,57051,Male,0
62,27736,Male,0
35,27710,Female,0
64,87155,Male,1
53,33975,Female,0
64,82424,Female,1
39,65603,Male,1
51,43252,Female,0
64,100797,Female,1
25,21431,Male,0
57,94603,Male,1
61,57481,Male,0
36,112573,Female,1
59,29557,Male,0
58,94971,Male,0
54,20162,Male,0
23,54742,Male,0
43,39675,Female,0
51,93997,Female,1
62,37015,Male,0
23,70057,Female,0
54,52591,Male,0
50,113583,Male,1
39,29833,Female,0
38,27896,Female,0
23,52972,Male,0
23,69733,Male,1
21,61800,Female,1
47,116044,Male,1
28,25347,Female,0
47,79063,Male,0
48,115850,Male,1
41,22643,Female,0
26,60785,Female,0
20,38681,Female,0
48,70026,Female,1
57,35892,Female,0
54,67299,Female,1
53,37073,Female,0
41,50682,Male,0
48,117798,Male,1
23,116894,Male,0
19,34289,Female,0
37,27927,Female,0
45,68330,Female,0
28,86707,Male,0
21,97454,Female,1
32,85428,Female,1
23,70601,Male,0
47,97465,Female,1
55,22539,Male,0
19,42669,Male,0
32,90968,Female,1
28,40644,Female,1
25,38745,Female,0
43,48228,Male,0
62,54521,Male,0
61,117239,Male,1
22,46928,Female,0
23,38322,Female,0
43,77714,Female,1
21,107896,Female,1
36,82292,Male,1
37,49055,Male,0
50,62891,Male,0
37,101912,Male,0
29,26588,Female,0
64,110536,Female,1
18,26304,Female,0
43,27345,Male,0
31,49300,Male,0
55,44259,Female,0
54,111006,Female,1
28,108553,Male,0
53,35352,Female,0
30,53365,Male,0
60,39446,Male,0
20,22336,Male,0
50,82032,Female,1
23,95415,Female,1
27,117852,Male,1
22,118876,Female,1
40,27521,Male,0
27,91707,Male,0
61,43481,Male,0
19,38474,Male,0
30,66760,Female,1
57,75718,Male,1
19,64629,Male,0
37,65232,Female,1
18,106544,Male,1
54,87169,Male,0
26,70669,Female,0
34,98021,Female,1
26,89184,Female,0
28,67945,Male,1
32,33140,Female,0
41,103457,Female,1
55,34357,Male,0
52,88673,Male,1
47,85633,Male,0
48,96943,Male,0
22,116111,Male,1
61,98258,Female,1
31,32924,Female,0
28,89286,Female,0
26,113269,Male,1
51,94071,Male,1
29,77326,Male,0
52,110023,Female,1
52,50651,Female,0
18,90202,Male,0
57,68777,Female,1
39,36994,Male,0
46,87263,Female,1
25,79634,Female,1
28,30800,Female,0
58,57823,Male,0
54,83878,Female,1
31,38708,Female,0
47,32819,Male,0
52,94905,Female,1
38,83870,Male,0
54,29283,Male,0
22,50573,Male,0
36,98707,Male,1
31,50933,Male,0
43,25774,Female,0
21,92055,Male,1
42,30983,Male,0
62,116468,Male,1
59,116334,Male,1
42,38133,Female,0
35,34939,Male,0
57,20781,Female,0
25,76700,Male,0
56,47624,Female,0
57,26823,Male,0
31,38489,Male,0
49,59961,Female,1
55,49118,Male,0
50,101816,Female,1
40,42263,Male,0
32,33565,Female,0
50,40354,Male,0
42,62951,Male,0
34,111179,Female,1
50,43648,Male,0
64,70729,Male,1
19,61971,Male,0
31,38658,Male,0
57,41253,Male,0
57,84166,Male,0
56,68563,Female,0
23,46390,Female,1
23,108664,Female,1
20,71578,Male,0
24,99025,Female,1
25,52658,Male,0
59,26852,Male,0
32,114986,Male,1
64,22551,Male,0
46,91947,Female,0
50,81001,Male,1
47,69159,Female,1
56,71707,Male,1
44,53243,Female,0
53,41800,Female,1
46,95939,Female,0
55,77828,Female,1
50,27239,Female,0
54,26710,Female,0
44,41384,Male,0
50,41038,Female,0
21,60846,Male,0
39,107983,Female,1
19,87821,Male,0
27,57991,Female,1
22,99057,Female,1
27,26971,Male,0
50,49139,Female,0
55,105445,Female,1
30,97067,Female,1
48,100257,Male,1
64,104742,Female,1
53,57711,Male,0
62,26530,Female,0
41,31116,Female,0
32,85794,Male,1
46,20282,Female,0
25,99473,Female,1
22,21898,Male,0
46,24135,Female,0
64,26629,Male,0
21,105120,Male,1
29,109087,Male,1
62,85031,Female,1
19,53380,Male,0
44,37071,Male,0
48,40074,Female,0
53,110724,Male,1
53,87843,Female,1
43,59901,Female,1
60,31205,Female,0
44,75661,Female,1
22,25906,Male,0
37,22591,Male,0
28,82987,Male,0
27,83370,Male,0
57,100685,Male,0
55,74400,Female,1
23,45150,Male,0
25,51852,Male,0
40,62870,Male,1
64,72756,Female,0
43,76481,Female,0
63,21283,Male,0
60,53691,Female,0
29,21125,Male,0
43,87065,Male,0
30,46170,Female,0
57,28438,Female,0
35,40095,Male,0
42,36154,Male,0
50,28004,Female,0
64,29752,Male,0
57,75426,Female,1
60,46819,Male,0
29,112051,Female,1
61,44217,Male,0
53,108708,Male,1
21,52994,Female,0
22,35036,Male,0
54,97275,Male,1
25,117756,Female,1
59,69416,Male,0
45,29587,Male,0
48,115665,Male,1
26,20645,Female,0
46,50930,Female,0
31,101835,Female,1
57,50090,Male,0
58,107489,Male,1
39,72142,Male,0
28,46475,Male,0
40,38888,Female,0
18,63732,Male,0
63,101623,Male,1
54,66305,Male,0
38,66037,Female,1
43,29346,Male,0
63,20587,Male,0
53,32763,Male,0
40,79165,Male,1
18,89615,Male,0
57,56116,Female,0
32,105751,Male,1
38,111353,Male,1
64,110301,Male,1
26,115648,Male,1
26,45556,Male,0
27,79042,Male,1
43,38099,Male,0
58,65096,Male,0
52,91986,Male,1
42,33230,Male,0
43,49009,Female,0
28,90969,Female,1
55,53866,Female,0
19,104246,Female,1
24,96975,Male,0
35,61855,Female,1
44,101557,Female,1
51,26416,Male,0
44,92516,Female,1
34,75915,Female,0
60,38058,Male,0
61,96637,Male,1
41,60718,Male,0
42,52602,Female,0
24,94658,Female,1
23,98112,Male,1
41,78067,Male,0
50,47516,Female,0
46,107969,Male,1
60,21089,Female,0
39,57346,Male,0
43,94663,Male,1
45,30487,Female,0
38,20155,Male,0
24,87494,Male,1
34,96229,Male,1
37,58547,Female,0
58,48795,Male,0
37,75296,Male,0
39,41447,Male,0
45,56598,Male,0
57,61814,Male,0
24,110751,Male,1
18,95330,Female,1
49,118745,Female,1
30,107960,Male,1
47,83278,Female,0
40,75077,Female,0
36,91906,Male,0
49,29528,Female,0
47,113812,Female,1
46,70100,Female,1
62,28179,Female,0
46,68781,Female,1
47,75267,Female,1
33,102379,Female,1
57,43952,Female,0
36,73798,Male,0
35,118696,Male,1
18,70939,Female,0
31,49516,Female,0
64,76526,Male,0
19,30449,Female,0
45,70290,Female,1
47,106661,Male,1
55,92954,Male,1
21,42746,Male,0
18,87990,Female,0
25,78810,Female,0
46,103297,Male,1
56,35223,Male,0
20,92237,Female,1
49,22597,Male,0
27,85677,Female,0
27,22659,Female,0
36,106516,Male,1
63,94567,Male,1
51,35037,Female,0
50,66738,Male,0
40,91678,Male,1
45,32109,Male,0
49,42010,Male,0
24,28787,Female,0
46,28472,Female,0
25,43383,Female,0
18,81709,Female,1
20,89785,Male,0
41,54518,Male,0
40,73909,Female,1
25,38351,Female,0
64,89624,Male,0
54,73330,Female,1
20,35282,Female,0
50,104866,Male,1
45,41778,Female,0
64,44264,Male,0
25,79675,Male,0
51,25075,Female,0
52,95948,Male,1
49,68454,Female,1
41,48365,Male,0
31,92766,Female,1
49,68200,Female,1
63,31002,Female,0
60,33947,Male,0
33,99222,Male,1
21,114840,Female,1
54,98610,Male,1
38,72142,Female,0
31,76307,Female,1
48,24493,Male,0
35,70085,Female,0
24,54228,Male,0
27,99676,Female,1
24,71875,Male,0
50,51655,Female,1
40,63472,Female,0
38,69437,Male,1
36,69416,Female,1
36,79711,Female,0
53,26816,Male,0
46,97175,Female,1
35,84307,Male,1
19,66733,Female,0
18,115028,Male,1
64,31240,Female,0
22,118234,Female,1
37,112493,Female,1
28,118344,Male,0
59,91363,Male,1
19,52762,Male,0
20,28259,Male,0
40,70139,Female,0
29,34849,Female,0
37,101768,Male,1
22,109709,Male,0
54,74869,Male,0
55,83095,Female,1
47,90910,Male,0
26,106710,Male,1
51,43567,Female,0
61,55292,Female,0
52,94813,Male,1
39,117136,Female,1
61,71631,Male,0
41,29885,Female,0
34,79659,Male,0
27,74306,Male,0
47,86314,Male,1
63,85087,Male,1
40,49165,Female,1
49,78929,Female,1
34,87028,Female,0
34,115998,Female,1
31,69812,Male,1
26,70500,Male,0
57,99151,Female,1
19,78643,Female,0
62,64900,Female,1
42,62946,Female,1
56,27851,Female,0
26,36288,Male,0
39,92692,Male,1
60,87580,Male,0
63,27368,Female,0
21,105436,Female,0
43,116136,Female,1
46,66403,Female,1
62,111170,Male,1
51,29168,Male,0
40,106497,Female,1
54,69879,Male,0
28,79871,Male,0
23,109388,Female,1
35,118646,Female,1
38,52174,Female,0
59,119751,Female,0
53,112491,Female,1
58,26581,Female,0
55,91853,Male,1
51,84046,Male,1
34,69678,Female,0
54,46649,Male,1
42,108668,Female,1
55,102325,Female,1
29,34567,Female,0
40,100404,Female,0
59,109906,Male,1
39,116019,Female,1
38,81944,Male,1
44,98002,Female,1
48,48803,Female,0
23,38230,Female,0
44,37862,Male,0
57,63355,Female,1
51,51259,Female,0
29,119075,Female,1
62,107445,Male,1
24,50795,Male,0
27,28770,Male,0
62,31093,Female,0
34,66571,Male,0
43,20193,Female,0
38,37569,Male,0
45,31190,Male,0
63,82824,Female,0
19,62752,Male,0
60,52327,Female,0
18,62070,Female,0
53,105925,Male,1
43,60197,Female,1
46,22261,Female,0
38,113905,Male,1
28,46512,Male,0
57,26716,Female,0
28,106795,Male,1
53,48933,Female,0
56,24378,Female,0
57,60583,Male,0
52,105371,Male,1
51,49033,Male,0
64,44000,Male,0
41,95868,Female,1
39,62604,Female,0
22,88336,Male,1
50,115074,Male,1
53,115655,Female,1
64,93869,Female,1
37,25410,Female,0
36,103375,Female,1
52,76044,Male,1
60,83315,Female,1
34,116055,Female,1
62,91344,Male,0
60,26796,Female,0
51,106716,Female,1
26,74245,Male,0
43,63056,Male,0
19,37709,Male,0
26,78557,Female,0
26,37543,Female,0
57,57418,Male,0
34,114611,Male,1
18,116038,Female,1
42,36724,Male,0
60,23828,Male,0
57,37087,Male,0
59,32605,Female,0
42,51337,Female,0
56,25482,Female,0
52,85333,Female,1
20,112541,Female,1
54,108296,Female,1
61,70952,Male,0
61,25463,Female,0
47,90448,Female,1
55,24648,Male,0
51,53623,Female,1
29,79156,Female,1
36,55634,Male,1
54,64602,Male,0
61,69334,Male,0
34,88648,Female,1
27,42054,Male,0
64,90028,Female,1
29,42207,Female,0
33,100650,Female,1
41,119821,Female,1
36,101554,Male,0
25,41386,Male,0
48,103276,Female,1
38,79518,Male,0
34,72781,Female,0
40,72780,Female,0
54,81440,Female,0
33,64199,Male,0
23,81035,Female,0
25,28210,Female,0
42,64363,Male,0
35,98279,Male,1
42,80348,Male,0
29,75284,Male,0
32,92124,Female,1
43,88847,Male,1
58,42432,Female,1
62,84089,Male,1
43,75398,Male,1
64,119291,Male,0
49,23321,Male,0
27,101348,Male,1
33,57383,Male,0
24,98682,Female,1
34,99190,Male,1
40,72893,Male,0
43,55820,Male,0
38,86262,Male,0
39,23760,Female,0
24,42190,Male,0
31,87411,Male,1
32,43377,Male,0
24,66737,Male,0
26,89569,Female,1
25,58211,Male,0
40,102909,Female,1
46,23744,Male,0
35,44995,Female,0
48,36977,Female,0
47,117938,Male,1
56,54542,Male,0
52,30651,Female,0
35,119239,Female,1
59,98931,Male,1
56,115344,Female,1
34,36715,Female,0
31,64409,Female,0
48,44306,Male,0
41,39086,Female,0
52,34376,Female,0
61,81350,Female,1
62,91425,Male,1
51,56636,Male,0
20,106120,Female,1
54,71649,Male,1
60,54610,Female,1
57,30058,Male,0
43,94637,Male,0
40,98033,Female,1
61,90194,Male,1
56,96917,Male,1
32,84200,Male,0
21,66619,Female,0
46,37154,Male,0
39,39539,Male,0
42,80058,Female,0
30,82068,Male,1
35,97313,Male,1
50,119932,Male,1
33,50373,Male,0
62,53154,Male,0
59,26031,Female,0
61,113533,Female,1
19,91975,Male,1
52,42785,Male,0
59,98928,Male,1
51,48669,Female,1
47,114475,Female,1
30,22282,Male,0
30,54624,Male,0
35,68438,Female,0
49,109900,Male,1
49,87534,Female,1
52,51705,Female,0
56,58244,Male,1
63,94964,Female,1
46,57437,Male,0
46,97872,Male,1
61,94878,Male,1
33,92982,Male,1
61,70583,Male,1
64,58392,Male,0
27,27461,Female,0
47,30516,Female,0
42,99285,Female,1
56,37514,Female,0
37,56268,Male,0
22,110486,Female,1
18,56788,Female,0
47,95749,Female,0
20,81049,Male,0
62,82493,Female,1
31,56027,Male,0
47,113547,Female,1
21,62849,Male,0
35,37858,Male,0
54,104162,Female,1
42,99003,Male,1
18,72395,Male,0
63,59758,Female,0
32,74312,Female,0
26,88670,Female,1
32,102279,Male,1
41,35434,Male,0
21,84047,Male,1
29,67775,Female,1
54,95769,Male,1
54,86677,Male,1
60,103555,Male,1
23,105920,Male,1
56,65734,Male,0
63,108503,Male,1
41,60603,Male,0
28,96708,Female,1
30,101926,Female,1
51,88803,Female,1
42,59332,Male,1
24,111703,Male,1
21,41312,Female,0
25,113376,Male,1
37,104526,Female,1
46,64179,Male,0
62,91442,Male,1
63,60379,Female,0
27,37297,Female,0
60,22011,Female,0
51,64014,Female,0
43,31738,Female,0
58,114333,Male,1
20,67498,Male,0
23,31120,Male,0
22,28767,Female,0
22,42852,Female,0
64,99239,Female,1
40,20929,Female,0
26,97487,Female,1
52,111575,Female,1
37,115040,Male,1
59,37438,Male,0
52,68515,Male,1
35,25744,Male,0
34,103820,Male,0
41,62417,Female,1
20,27069,Female,0
49,62359,Female,0
52,39799,Female,0
55,118746,Female,1
30,113762,Female,1
64,90188,Male,0
42,109859,Female,1
26,27597,Female,0
21,67093,Female,0
31,57226,Female,0
54,92127,Male,1
51,111369,Male,1
28,97362,Female,1
58,46417,Male,0
20,38693,Male,0
45,99674,Female,1
46,73161,Female,1
26,22169,Female,0
20,104092,Female,1
42,42052,Female,0
51,91849,Male,1
29,93851,Female,1
59,28036,Female,0
26,51778,Female,0
32,47734,Male,0
57,43173,Female,0
42,50403,Female,0
22,86321,Female,1
28,91675,Male,0
51,26344,Female,0
41,38800,Female,0
32,45372,Female,0
55,81516,Male,1
25,40538,Female,0
22,83918,Female,1
43,34973,Female,0
35,91155,Male,1
23,79500,Female,1
54,56575,Female,1
30,62261,Female,0
45,47716,Male,0
22,23236,Male,0
30,35848,Female,0
34,22352,Male,0
57,21932,Male,0
62,96449,Male,1
49,28556,Female,0
46,106836,Female,1
20,25498,Male,0
57,96118,Male,1
51,70098,Male,0
57,84386,Female,1
44,29569,Female,0
30,76882,Male,0
62,90393,Male,1
50,20340,Male,0
23,63949,Male,0
41,102302,Female,1
36,82443,Male,1
33,111668,Female,1
57,94027,Male,1
45,20138,Male,0
50,20358,Male,0
58,95250,Male,1
30,105376,Male,1
60,119931,Female,1
62,50654,Male,0
42,45879,Male,0
59,101532,Male,0
53,75778,Female,1
44,57772,Female,0
55,78478,Female,0
24,84353,Female,0
22,46762,Male,0
60,33283,Male,0
62,83922,Male,1
48,59420,Female,1
40,75568,Male,0
59,105090,Male,1
27,40219,Female,0
49,77169,Female,0
60,94965,Female,1
47,66840,Male,0
56,64695,Male,0
48,104754,Female,1
35,97988,Male,1
53,78342,Female,0
19,38951,Female,0
31,21307,Male,0
30,100388,Female,0
46,110768,Female,1
29,55428,Female,0
56,112021,Male,1
19,95774,Female,1
49,58975,Female,0
30,21140,Female,0
63,44842,Female,0
44,46421,Female,1
58,21708,Female,0
34,23630,Female,0
57,39595,Male,0
48,96021,Male,1
51,48308,Female,0
41,64789,Male,0
62,75690,Male,0
52,46086,Female,0
23,36859,Male,0
36,27684,Female,0
47,111088,Female,1
24,21207,Female,0
27,66099,Female,0
58,87496,Female,1
49,86093,Male,1
51,49689,Female,1
45,68651,Male,0
32,33893,Female,0
47,117808,Female,1
54,86418,Female,1
46,80011,Male,0
39,58635,Female,0
21,76115,Female,1
37,115071,Female,1
49,98405,Female,1
53,92702,Male,1
21,98518,Female,1
44,92805,Male,0
34,78954,Female,1
29,48064,Male,0
39,99063,Male,1
34,22454,Female,0
27,40878,Female,0
18,71098,Male,1
39,82154,Female,0
43,32991,Female,0
35,88344,Female,1
31,56593,Male,0
64,56304,Female,0
46,50386,Female,0
29,75220,Female,1
53,89338,Male,1
52,114289,Female,1
29,41083,Male,0
24,38354,Female,0
46,42190,Male,0
28,26142,Female,0
50,48398,Female,0
23,71971,Male,1
64,61862,Male,0
32,118668,Male,1
49,73410,Female,0
28,39503,Female,0
40,68456,Female,0
43,102035,Female,1
51,28016,Male,1
63,22384,Female,0
51,82320,Female,1
46,35072,Female,0
21,100018,Female,1
34,60510,Female,1
52,68933,Female,0
30,41826,Female,0
58,88026,Male,1
56,45518,Female,0
32,44045,Female,0
46,70876,Female,0
46,112446,Female,1
28,110102,Male,1
49,71919,Male,0
19,119441,Male,1
64,47103,Male,0
31,56188,Male,0
37,25845,Male,0
39,106698,Female,1
28,56674,Male,0
44,39337,Male,0
20,42313,Female,0
34,46943,Male,0
61,97949,Female,1
45,20276,Female,0
46,71151,Male,1
38,37611,Female,0
64,31944,Male,0
33,72887,Male,1
54,101442,Female,1
37,69847,Female,0
23,78653,Male,0
36,106072,Female,1
22,76622,Female,1
20,47810,Male,0
18,97842,Male,1
55,30503,Female,0
32,104761,Male,0
51,56976,Male,0
52,31590,Male,0
42,30886,Male,0
41,32866,Male,0
29,86624,Male,0
35,88899,Male,0
32,52792,Female,0
61,29764,Male,0
33,106156,Female,1
44,62727,Female,0
25,98471,Female,1
63,28068,Male,0
42,27295,Male,0
34,61160,Female,0
46,31390,Male,0
25,40131,Female,0
32,114754,Male,1
44,95969,Male,1
63,35038,Female,0
24,72327,Female,0
20,113718,Female,1
46,97064,Male,1
61,41281,Female,0
41,74189,Male,0
20,68511,Male,1
37,28605,Male,0
63,21381,Female,0
32,86634,Female,1
42,39810,Female,0
47,44322,Male,0
31,61869,Male,0
24,52955,Female,0
34,81388,Male,0
61,30207,Male,0
37,107329,Female,1
53,87628,Female,1
26,48220,Female,0
55,104050,Male,1
39,94085,Male,1
19,42031,Male,0
41,90721,Male,1
25,100807,Male,0
28,91312,Female,1
30,79766,Male,0
34,32449,Male,0
25,109833,Male,1
38,76699,Female,1
35,101253,Female,1
47,66092,Female,0
35,83671,Male,1
63,30350,Female,0
64,116158,Female,1
48,88487,Female,1
55,37622,Male,0
49,90263,Female,1
28,73117,Male,0
62,78394,Male,0
42,43782,Female,0
50,48454,Male,0
55,87904,Female,0
58,35592,Male,0
25,42173,Female,0
28,53204,Female,0
39,55596,Female,1
41,54324,Male,1
58,81202,Female,1
34,109400,Male,1
29,50750,Female,0
63,96112,Male,1
49,36566,Male,0
32,27190,Female,0
33,108607,Female,1
39,58333,Female,0
45,100905,Female,1
37,109571,Female,1
50,21589,Male,0
27,45235,Female,0
57,20159,Female,0
49,32145,Male,0
50,100909,Female,1
19,51921,Female,0
50,36237,Male,0
50,28244,Female,0
58,34743,Female,0
30,117102,Female,1
47,66101,Male,0
50,104227,Female,1
30,119532,Male,1
43,76378,Female,1
39,91126,Male,1
56,76071,Female,1
19,91121,Male,0
55,94763,Male,1
56,113814,Male,1
43,32237,Male,0
63,35649,Male,0
32,57713,Male,0
51,93463,Female,1
59,65409,Female,0
61,68766,Male,0
57,66154,Male,1
28,27016,Male,0
20,99563,Male,0
23,68688,Female,0
26,109678,Male,1
23,74238,Female,0
26,78608,Female,1
56,109081,Male,1
48,51897,Male,0
49,70961,Female,0
58,88703,Female,1
29,64757,Male,0
25,46917,Male,0
25,42736,Male,0
45,47990,Female,0
37,82551,Female,1
64,78161,Male,1
24,99623,Female,1
28,42440,Female,0
37,55205,Male,0
33,100811,Male,1
21,75103,Female,0
23,90812,Female,0
39,61627,Male,1
43,39008,Male,0
20,91274,Male,1
58,52402,Male,0
59,73384,Male,0
31,25793,Female,0
28,25571,Female,0
35,116867,Female,1
29,36209,Female,0
40,110930,Male,1
29,63148,Male,0
30,111218,Male,1
42,22224,Female,0
62,68695,Female,1
36,52441,Female,0
63,59129,Male,1
53,82368,Female,1
62,112122,Male,1
25,64760,Male,0
46,43478,Male,0
49,91854,Male,0
61,114230,Male,1
35,105716,Male,1
23,32180,Female,0
35,118538,Male,1
36,35372,Male,0
39,49796,Female,0
54,78272,Male,1
49,109963,Female,1
58,118826,Female,1
20,113635,Female,1
45,74040,Male,0
27,95357,Male,1
52,91368,Female,1
46,98356,Male,1
32,36211,Male,0
50,25842,Female,0
24,83115,Female,1
29,86852,Male,0
47,65968,Female,1
38,37508,Female,0
48,42005,Female,0
41,74575,Male,0
37,100742,Male,1
54,38971,Male,0
21,45599,Female,0
45,107592,Male,1
61,86914,Female,1
37,87055,Male,1
41,107697,Male,1
49,25355,Female,0
58,74120,Male,0
53,94619,Female,1
51,58342,Male,0
53,105992,Male,1
19,98860,Female,1
32,22257,Female,0
51,47364,Female,0
53,44972,Male,0
23,46654,Male,0
56,100769,Male,0
59,101423,Female,1
29,49320,Female,0
20,40808,Female,0
62,72389,Male,0
35,115690,Male,1
57,54773,Female,1
38,71168,Male,1
32,47747,Female,0
50,96396,Male,1
52,103692,Male,1
43,77505,Female,0
25,105896,Male,1
53,38135,Male,0
47,110887,Female,1
40,116035,Female,1
59,67377,Male,0
61,43554,Female,0
31,82491,Male,1
31,75621,Female,0
19,78283,Male,1
54,105140,Male,1
22,36923,Female,0
55,67591,Male,0
62,82261,Male,0
58,74336,Female,0
64,94083,Female,1
31,80948,Male,1
56,53002,Female,0
42,100098,Female,1
37,93016,Male,1
19,46672,Male,0
56,24213,Female,0
23,30293,Female,0
