Engine_Size_L,Horsepower,Car_Age_Years,Mileage_km,Price_USD
2.49816047538945,131.09386651674447,11,6728.340597126436,22894.936924882342
4.802857225639665,248.82731263485817,6,199575.06685798574,47518.512716699894
3.9279757672456204,358.0721258392147,2,136980.15327719215,66650.72419651574
3.3946339367881464,311.6342125151552,6,166551.51339257782,49291.19543788858
1.624074561769746,336.1651787942784,11,62450.78228750767,44216.20880283683
1.6239780813448106,287.3985110145367,13,7791.479145076695,38356.00427716452
1.2323344486727978,298.45126629089134,7,148884.55611949836,36910.72853863292
4.46470458309974,350.23456501655534,9,167658.19641513177,58571.955211592394
3.404460046972835,152.39044292353137,5,149392.84573093624,26871.232254452156
3.832290311184182,231.51023800223635,14,32855.80602366352,38452.9636265734
1.0823379771832098,142.99911580046873,9,151918.44484010898,11153.393359032534
4.879639408647977,395.9304426388935,8,154939.94251099,70003.61955375235
4.329770563201687,381.53958209658236,12,133415.40055566072,63799.07903438388
1.8493564427131046,83.01084775160695,5,154392.60689513932,8863.932925332956
1.7272998688284025,302.8398069301772,11,169954.68073715776,35938.740702523835
1.7336180394137353,375.3319447471697,8,124652.8022763044,50481.84517763429
2.216968971838151,129.58986389202005,12,22277.919224087418,19746.55014103984
3.0990257265289514,257.4219260823677,3,100087.42288510612,45007.18913236297
2.727780074568463,372.1111382040538,7,20141.620260962987,63994.745716884645
2.1649165607921677,81.20217293331362,10,84470.89105132401,7209.631207523458
3.447411578889518,300.14868819145715,3,84385.76537949739,54920.813509286374
1.5579754426081673,168.12517243294175,1,17871.91960734711,31917.271775998233
2.1685785941408726,375.05074447425505,9,73020.00412404847,56617.17346828521
2.465447373174767,390.44922090457135,10,26644.629264306393,66948.45586630522
2.8242799368681437,381.6079414074332,8,162605.86595179833,57531.89764700159
4.140703845572054,226.49069149696305,4,189799.1650630718,39979.05550556712
1.798695128633439,354.47407482647344,3,19101.712675298026,58618.57273919516
3.0569377536544464,348.7013015165732,1,191247.4654218818,53675.01805773121
3.36965827544817,175.30315617027435,0,106902.4368706653,37637.44346065522
1.185801650879991,343.54210646972354,10,63415.30720100541,44623.44675080669
3.4301794076057535,82.21251945611256,6,19988.104678851887,25514.15027362338
1.6820964947491661,266.7690598990775,5,102621.73227373147,38195.67429572981
1.260206371941118,145.902916304942,14,159930.531175696,8756.410915071601
4.7955421490133325,109.78707230650201,14,142881.86306700614,20830.562754882852
4.862528132298237,95.39455653763902,1,14794.072235474883,40559.82323406996
4.233589392465845,299.7752960397861,7,19215.857896741185,58930.96294122426
2.2184550766934827,182.15873804346182,10,83560.29011336423,29903.185671276882
1.3906884560255355,309.17303460449125,3,62581.64633934894,49428.61867807046
3.7369321060486276,91.56759246365098,7,50314.94299592933,25268.18570466509
2.760609974958405,174.04581148410142,14,59795.87728719915,26457.594027682324
1.4881529393791153,248.03212648386128,6,161679.1349428925,32549.221518762643
2.9807076404450807,330.93864439685797,4,186199.47045821152,48179.0161801523
1.1375540844608736,175.18832596758307,9,83995.02543287545,20008.501257496544
4.637281608315128,276.544154224213,9,181691.64541583692,50073.76484678438
2.0351199264000677,362.37265691794175,11,67691.66174333698,52249.12071557654
3.650089137415928,273.23485210016054,7,97905.21233703937,45930.033191644594
2.246844304357644,146.87662666869915,13,49075.654574119944,20307.12389223215
3.0802720847112433,78.05225791365754,8,129892.82822428958,17622.76873190135
3.1868411173731186,357.13262838730685,4,195901.31745908773,59002.81740307667
1.7394178221021082,77.01890558062776,9,122681.15372845884,6791.859242449698
4.878338511058234,358.65155198578583,4,74773.74640214203,73153.63658716812
4.100531293444458,244.54925422897995,1,131324.40196815302,49085.810462425536
4.757995766256757,379.89234050925575,4,28969.532300750576,72717.61011898119
4.579309401710596,333.59846780530955,2,178288.52065175274,60572.95917050266
3.3915999152443406,399.31825647600135,6,103101.37040206809,70026.4470645349
4.687496940092467,185.73489909906436,9,92623.1996977302,38918.57341677688
1.353970008207678,323.1721353472719,4,119243.63374843624,45596.72069695732
1.7839314496765808,202.63720149104992,7,126832.85324393348,26773.918417293953
1.1809091556421523,228.35895470028993,0,18996.282214170038,43016.84805169176
2.3013213230530574,277.0768028620621,2,138110.35813856346,47814.52696837055
2.554709158757928,358.31344768149177,2,52176.67766152827,66749.28952983326
2.0853961270955836,394.74754483576737,8,144220.763338785,55709.98377310367
4.314950036607717,323.530226575291,4,165394.28490491837,59225.81890158051
2.427013306774357,207.86303811522015,11,161771.90897274145,23392.641703676152
2.123738038749523,209.04781075143316,8,112737.68864453837,32892.846226472226
3.170784332632994,313.4021595243342,12,106433.12900059648,45607.030039249395
1.5636968998990506,148.79645810353978,8,32860.81246118528,22528.46371949221
4.208787923016159,106.45645733336023,0,156192.49932861145,27008.178193388565
1.2982025747190833,187.02531202145627,1,57924.8291871093,29670.834563981
4.947547746402069,164.78886724584697,4,101855.60744949957,39488.763584313005
4.08897907718663,167.7816797504767,3,60433.44812086576,38974.724421109735
1.7948627261366896,147.0905578464703,14,31096.53078494016,17204.825362109026
1.0220884684944096,83.89075257999943,9,127763.75089388863,3009.3300949273735
4.261845713819337,75.89839846202656,8,15594.746790466246,27180.918822437972
3.8274293753904685,395.9483886128904,6,150985.820654609,63970.38855003041
3.9160286721639492,211.16513413283457,5,66929.42507591775,44349.52508097678
4.0850813867437825,196.82779356269495,6,5026.265135874637,47334.18101594054
1.2961786069363614,294.28360328871304,0,104670.18215125981,44363.53169139899
2.4338629141770904,142.02378299547118,0,14136.12216288261,31330.23813056679
1.4634762381005189,383.48719070357436,7,58853.063775075396,55836.75735692448
4.4524137035023745,329.49385475713217,12,142860.41505386465,57302.57639510988
3.4931925073102317,99.50563076304564,12,17224.476216263844,22318.798602101528
2.3235920994105967,207.80165600902635,1,168671.00600942047,32492.23000872071
1.2542334011440945,360.10904149551436,11,5744.884918423706,52168.032286502515
2.243929286862649,381.7615673561654,9,53130.65449437094,56422.76451334666
2.300733288106988,224.242498712457,10,149476.29094965392,31028.945720806696
3.9184247133522563,272.4257584395335,8,66672.67919721482,51539.5679882341
3.5502298854208525,125.12120221038482,6,24869.01567287264,29860.26203274059
4.548850970305306,397.08564662520223,5,75245.61416608344,72867.64954010824
2.888859700647797,146.45166145653633,0,57726.69084498248,31752.351334903393
1.4783769837532068,381.10148546459146,0,169328.82092130822,57160.30136508116
3.85297914889198,284.3833941674816,1,66102.8439291029,60275.22367810512
4.04314019446759,270.55314231002353,5,158841.83199632142,47581.96522496782
3.245108790277985,239.18720863544783,13,178915.06823809328,33674.645241905404
4.083868719818244,146.12103786686038,5,89594.39681742326,29683.725401044976
2.975182385457563,128.25425056181774,1,182438.91305160645,23022.868397665756
3.0909313175279762,142.76044899315787,0,78577.02052282261,32877.75504473063
2.7101640734341985,131.52462650760398,9,192995.29121557108,14610.382948569368
1.1016765069763808,327.26287627702857,4,22411.45728248672,48404.22836273266
1.4315657079732178,185.54133552502094,4,138968.75696813234,23505.03190727484
1.125716742746937,89.0880832659208,1,101293.73788910109,13711.494765820496
3.5456416450551216,389.80386794646773,5,80591.51706385118,67794.55452724047
2.2574239243053067,361.64934203793047,8,128378.81635597718,48239.1176427673
3.034282764658811,376.1582534544203,1,142252.13286869458,59441.14489275224
4.6302658957043725,398.31958147332364,9,5850.837581810272,74192.99446471555
1.9971689165954998,127.38543224243081,1,37555.85230570375,27331.239976164037
2.641531692142519,200.7598662378774,2,144043.97987369215,29024.42971725913
4.022204554172195,320.21869698235014,12,134945.15564775025,50797.10918352273
1.9151926619664899,299.6868039577514,6,193379.26350009206,39007.525015455714
1.307919639315172,120.78564909215217,5,153402.36909890268,15764.002661870447
2.159005811655072,339.22493124690385,11,190400.67800761093,42588.69122150466
1.6448851490160177,144.06538870609802,7,141995.39779928737,17900.442130512278
4.718790609370292,143.85981289146562,14,63120.18068469141,31099.43022651166
4.232481518257668,247.20155955482647,7,25546.159838917014,47104.20057295205
3.533615026041694,265.67017849776204,5,157455.65335226245,47182.23367052313
4.485842360750871,261.42844858647766,11,130609.0981878036,46743.8171932484
4.214688307596457,100.19065634125911,10,14396.272416692766,28398.7636476857
1.7462802355441434,359.56208466802553,9,75209.84085069077,59557.69724826266
4.570235993959911,157.648014054273,2,191575.9640194358,31151.357997971543
3.157368967662603,112.73992402332539,2,102578.22341348924,29418.31557065958
4.229760620656251,363.28686635676246,14,89382.1815238424,59397.82894180279
4.584365199693973,385.3649944158186,0,94251.42300606232,76588.66181934555
2.2720138998874555,354.5021136975987,6,45732.131181006924,57357.75550442425
1.440207698110707,337.1403046592098,4,76897.89831863507,49878.71660670716
1.9117406501677667,286.22985361087717,3,77113.58491749944,45097.83619011792
2.7084311545050253,251.78293230101596,9,15209.228936557118,44008.15164199568
4.272059063689973,98.70563077076534,14,154675.68756099406,14198.008162671607
4.442922333025374,204.78956031333058,3,86218.3642212564,47723.28583610717
1.0278085221247628,192.9872106140636,13,165325.07792920255,14588.481496502714
3.042989210310263,155.71874864090765,3,170817.8602183796,25371.726658687767
2.669644012595116,308.72863751723304,5,46338.84066623832,52440.54794125699
1.888431241882921,233.63899257599437,14,133183.92902317506,29143.107078380148
1.4794614693347312,96.74525124952382,7,97094.95181178143,10383.677269480711
2.350460685614512,142.66045664343773,7,176630.56389468958,19436.75096627298
4.771638815650077,295.47539200766664,4,47069.432439408556,61164.118705999
2.292811728083021,95.12318363179907,14,137173.57406045863,9189.701182009274
3.0751624869734644,350.89828163609366,5,123511.6638392809,59205.98696589774
3.8120758355807114,233.39835391461153,3,62583.788126507396,52238.16052536274
2.454518409517176,228.59357051779384,11,31637.176211978658,35828.64092365759
4.887128330883843,265.4945689376408,13,132069.75329306893,48593.6489399277
4.849789179768445,342.1447187552992,10,149026.5043358045,60315.46357442477
2.0071291833014566,184.7770386077237,12,66547.33203385325,27416.578669699204
2.988994023569542,293.745330344491,8,130742.35778435119,44631.98700508634
2.2035132392670786,256.6915481186111,7,82050.52698424314,41308.78269066946
2.1393619775098704,158.11932915590904,9,144075.34224011045,19621.54755669682
1.1475477894181312,359.9478954972021,11,43846.97860434036,48609.197987236956
3.4382573359195874,333.1505871302863,9,178591.925514054,51217.78344233492
3.010716092915446,287.28910543728045,0,61044.87131078805,55599.183507483256
1.2059150049999574,350.69197060109985,14,76718.26761244981,43364.99914829835
2.1145858569464457,356.2070863167348,1,16327.930655668208,62817.02206580009
4.633063543866615,303.7597823159615,8,26744.881402648898,64148.277111719224
1.9582475626678897,346.2143983600118,7,105593.07102890399,52814.64338712646
1.5795794883648924,300.1655823508636,13,57180.57196195444,41402.01538135007
2.957811041110252,294.44645468089914,2,167918.64401972792,48049.012154651995
4.942601816442403,274.14175481101086,7,7865.210787716,58062.530108021194
1.9682210860460017,318.39649105402157,11,78923.33949102755,46765.01323025737
3.688542189623514,122.33968474671431,0,70782.38161997306,35006.63816418565
4.04647846131487,360.6873505356464,9,8768.888028932202,69642.39183697666
1.9505501759695987,357.7083641559266,3,29251.837805099494,58338.45236104355
3.9128653944474383,79.65160340140451,2,85660.32160913388,25169.95409127048
2.471132530877013,342.5195276863717,5,101108.59396725209,51399.193783927345
3.529223322374318,112.52705626623691,6,83836.50071469948,24748.4078039504
3.534118843043579,180.5892219055168,3,108532.8472903583,38925.4761576864
3.143098736299034,315.35772457623057,6,121050.6766066079,51233.62777914296
1.3611590802176332,123.0507656959417,8,6935.145119927948,19797.61258988467
4.341209982356952,339.9291179592905,10,95498.55609343326,59539.48358901105
2.2831202598869433,344.6042787260548,1,192882.35197307973,53310.23956613207
1.746074041599417,237.46435214107595,10,106211.294625262,28744.07551826404
1.1631005662190557,72.10733766655508,2,137120.74215449588,8345.98527262155
3.3635717727529673,164.7225839477212,4,65813.45229379222,29053.301899431957
3.7102574473691297,273.58588306399497,2,155928.3187397887,49818.96144313149
1.0663513157114246,393.79143874904975,10,155719.68896584245,45353.54145519218
3.048372233197124,278.49846391550057,7,106652.7292925571,48495.98332177648
1.9059831007917518,155.73518175117272,11,195322.69553944666,15878.872695191356
3.5806911616377994,279.22188202287174,9,29482.29187871741,52045.96548161605
1.6974657160199658,248.1951753062323,7,8304.794653468294,42743.377597680024
3.763750952409864,327.3489803998774,7,155180.8512926337,52664.22621574957
2.5469413852021496,105.30361081289627,11,162395.32978615208,15105.208454468699
4.746919954946938,321.13920782566925,11,28440.409678512366,63547.84359318022
1.550083776583973,248.6179709631164,8,56788.65242692819,35330.57133160302
2.364265404201034,387.7873612734682,3,8422.710856492638,69439.53596356665
1.4538940849623563,182.8178147927664,4,62195.17910221012,26169.796663792964
4.698774473114251,278.7652247342029,4,155762.66541414094,52671.49448193929
4.509357413523924,377.56927481830576,7,106002.30290395289,67064.88369868843
2.0317665108606224,103.82821023692415,6,72878.64066781617,16231.176640322892
3.639936184136716,379.2854007880289,8,77489.1625067344,62704.91762803068
4.268888800804863,297.0022883592684,14,5263.95701451629,56877.75554137941
3.2208032463978493,92.38622950470673,14,63461.102875221,15071.186713194542
3.118602313424026,169.31797709244938,13,131059.45461939645,24742.745336731474
1.9674091636018067,303.69678925294295,7,194967.91654418965,38902.46564591363
1.3724110712235968,92.22569848469466,1,170176.8612618604,7745.860464632127
4.5888630318133075,262.1162518581702,9,9601.01810587818,55121.816749281
4.601672228653322,184.14140879447572,11,180219.31791159368,28994.096616018727
3.5324058290930718,274.90212086326744,3,157723.69059323205,48473.89465312294
2.3561191641948027,85.09487115812924,5,157173.34409634117,9949.52921221072
2.3968382984506436,357.6071460302842,11,94309.17300569644,56084.35674497265
3.9038227154809575,391.25135982854096,1,82611.03212612805,75098.99138972898
4.588441039810308,389.72969224427817,6,64068.56712247256,73609.73826211262
4.548345697060469,317.3851044751651,2,17810.49749610133,70386.38263708139
4.1195021834304955,112.92845924310855,12,49505.895881271324,23768.85305462372
3.568126584617151,320.2268546565774,2,53087.708820714804,62707.23443787682
1.3365598599801953,78.1136824314045,10,99395.0285934893,5829.721102374612
1.646514856378455,77.3007720045691,1,150751.65928635534,12018.14728092721
4.5942167541083165,176.79137231934862,10,97392.9165375996,39164.85079177743
3.4257162386383597,231.2522528335397,7,16279.667642196318,46867.41994167254
1.0367882064665186,324.2344478765717,5,191769.01119269975,40808.10497983341
1.4058861714641284,295.48747428014667,0,188831.2422233519,38601.21501571846
3.6540070764322232,217.14789310432695,11,158111.96091393963,32216.52871155425
1.0202463353848747,160.29679987294975,0,198308.940805023,18984.886750424237
1.6432322056699946,399.0510850520447,6,111174.05489605127,57901.86578990742
3.1949351574663445,210.63982973787108,7,192739.8282993752,30073.25138369578
3.767580790770773,218.9577180287929,4,19742.9829202664,52317.76586331632
3.607845038010402,123.99586099325083,11,76307.74591096741,27056.005153998412
1.8970772378422391,332.2871510874767,10,48949.34726131934,50085.2281300517
3.8487168853901434,298.91513450789125,4,43187.451406182656,58865.55575539276
1.9489963499872003,142.85397222029093,3,32456.575034071837,26725.830891473743
2.301598792637071,97.18574505322809,13,126370.66010536934,7463.485795856627
3.9859656204720966,294.5647696846553,5,157357.7618707245,52401.61649856027
3.5985315961888587,285.98870071277463,13,117768.18788697032,45118.05877379748
4.396893641976712,160.17564390940908,5,33657.72836970088,37844.407226846626
3.6304515692013735,383.78497554263544,2,163169.13513702684,66629.90025504063
3.2732344133418865,119.84910428769707,8,129011.16789692706,21182.461217368145
1.37469907131237,212.67048434405862,11,80692.31269476413,22123.837257677656
2.470863212237734,381.3932536553076,10,136455.40762953227,53019.76370644919
2.060809470726902,208.51001458562035,13,55681.47095235241,27569.26492701666
1.9759585735163343,280.71356272914824,6,72312.48065637104,47346.57855881574
4.892042219009783,201.20615132772213,0,183909.73941073808,46558.75307273785
2.5723908986670416,160.4910167750611,14,61648.37860592698,19982.22494109824
4.568186220708453,394.7126238267433,12,96647.71229079763,68587.51164184915
3.5245545039890516,205.0802220839642,6,178577.52179222286,31561.321765052016
4.179245214166594,365.05273721411436,4,143005.66330216784,67469.23559561589
3.0105483724207684,145.88501994405846,4,17129.629102117036,31936.764094971004
3.3076155385054364,140.3245523282775,13,33724.09363439922,25313.2834825705
2.9700707752754556,80.27424735188875,12,6529.110200523779,19616.62876421878
1.780971951192178,285.050052374042,1,128029.74909468686,41886.553020164356
3.8898084610460213,191.61369342884117,3,92296.31795503157,38382.04405157872
2.123089449763423,355.2382224470802,11,31183.59592594373,52374.80216688995
1.0972638657258154,226.15926920821386,5,191797.15360607023,27897.10973159628
3.5818891836286713,389.5038312118582,9,108283.64616939588,60682.1461404986
1.7084427176281958,131.22342018202997,14,52169.19235201339,8752.95580162367
4.761834337411657,356.6456454253516,10,102617.69637516797,63272.81596528463
4.8157143080103495,326.2769614212748,6,137525.96488334602,62447.2991088975
4.659457560881794,324.4042087325372,10,19866.647504845074,65365.110238524954
2.4806348010217776,348.7784652785729,4,58567.243934338934,57665.25887600708
1.0618264661154697,321.13791701118964,8,162358.27072237874,38139.05313190485
4.713274250350901,276.6527061383671,2,94634.64972851894,61040.346154595114
2.7127365932692573,113.3108096351879,0,111582.5426962975,21241.693877418755
4.866619276174678,80.73363923211313,3,89399.12043084651,28796.144693782015
4.854479908357011,373.87978977917663,8,13560.488815385997,73657.19134774237
4.41203782186944,273.4946037918436,3,37321.20706493041,59716.75676744729
2.1777955682783428,332.8573060221382,1,91880.61955466872,54403.92938059724
2.540390914407701,228.90237599914153,9,45791.165754545924,37616.634707594116
4.404546686067428,108.71170235759018,13,14745.910588637355,22215.538547717824
2.2676880206251107,111.31131142684166,13,169511.68449010563,7843.055767978825
1.67797098674437,296.23654478556057,4,196332.5431870026,40715.726917314736
3.2272050498334006,212.00094531682268,2,159662.8604293642,36388.435956712834
4.744619096643124,136.17315981111113,12,171488.05973241007,26092.634911440986
3.784119186699892,232.22620042467418,11,52185.54041182385,43238.99397821479
3.28024468035746,91.18894923479425,12,192322.26022507396,10178.354374037208
1.3887059750830741,262.05056263175163,8,43400.51236841854,38022.01619375033
3.460028906796679,158.76782346358223,3,190528.81302055728,27263.41227192364
4.960215400417053,333.1945032102721,5,198989.76232336045,60417.54180806595
1.5603360609460961,172.41944644477934,1,143785.9471204795,26895.73225460185
3.073318609454947,220.22264919699438,5,196323.02769940527,34897.784963790495
4.509492287711822,73.83477816967321,2,116060.25701558522,25046.602774102965
3.9630744710168178,93.90747297220443,11,55610.64771933761,22769.393723529458
3.788062963981072,199.522873614206,11,90214.19770479607,36987.25555806969
3.809936335948437,228.37981545665076,8,120744.38239886326,36769.55232114169
2.4379646048790207,268.00678087937024,10,19250.904595267923,45746.44305644904
2.1743673770579734,166.24865097407007,1,126356.93660036298,28018.778224020087
4.2374446219140545,299.34402242175906,14,196329.67816864743,45923.32243088222
4.240453578716723,353.8403910724375,11,42070.991707826885,65769.27081634836
4.468289274320415,327.35082633480545,11,159556.04767623474,51922.92054355022
4.652962210225885,83.07421236495786,8,182040.26478702578,18805.047661666722
3.045369595443751,228.56729259508356,4,189021.81059994307,36283.75394473272
3.0060651787487984,104.62695887799771,7,192226.4428590622,13945.540540241682
4.193180715867101,149.87485523463408,1,106684.62955068702,40782.77353866988
3.5998557231110606,395.59865577815833,5,195575.0420583432,61846.7806917083
3.8078675090308134,117.02352915749937,2,152675.49039121557,26247.998840244458
4.183170677744404,234.6330906389475,11,36525.93006620757,45893.298544459714
4.560021367270265,273.9913923249793,11,97995.52076125414,47794.74059488333
2.351980627406143,301.8134402795543,13,145074.57919754076,38586.82879557429
2.502331810559776,254.68406555068165,9,53231.36158472125,41487.607328665414
1.375927759363476,73.22437964833061,4,129919.96079203303,7501.5768957002965
3.313120563984696,177.73223172051732,11,134987.09341409075,27489.30918949664
1.1437690951869683,240.84484231695478,7,36726.450042670345,33350.5850964478
2.8623920725298406,98.995944717795,9,115191.63592828748,13172.829655542546
3.1705785388303065,185.70688729902963,13,155467.24764082851,26178.749829643028
2.1461650085131376,80.95702590115097,0,102284.65458450868,21270.01234180738
3.363333042276043,95.93090406115684,4,7360.107771340949,27675.098693553573
1.1220009997561977,200.9846811465267,2,6762.501470461974,34270.11033173199
1.1493927549968577,113.79619883420992,3,74620.72207415238,18070.803006641876
4.290402242638633,257.28847992631415,1,185607.8433441975,47426.230041837014
2.4407625656450516,297.5234398152977,8,49591.97202270371,51357.75951564394
1.5082420506075391,334.19361070599734,2,128700.91932997899,50039.863485283946
3.0889730402192175,136.04958060078735,14,48304.79478519751,25500.77635013253
4.079974212394443,125.26925214549303,1,67725.64798361198,33537.910493567586
1.8632841099873727,104.50738731035209,9,170368.2074722894,12910.242117990858
3.491561903276001,280.0219823494001,10,147127.98124263965,45655.018794727606
1.341389859975072,303.1369897406774,8,23602.85907607607,45703.43497887788
1.2067268846744308,80.42342779246187,6,88596.89409235456,9335.352796330004
3.125418526272592,378.95004126041766,5,10688.103910826572,67438.13638873538
3.162540486440426,87.15052360498589,0,98773.57858758676,26347.665360518422
3.549719605992826,248.62779064935324,4,134174.63228170827,45414.754752977795
3.904365334890646,303.9899714188024,11,28108.011601639555,50980.782400017306
4.903408317850138,357.4198108362082,10,61332.56308728731,64829.01213690355
3.0652013932047812,305.6486876037012,13,82578.1419729206,46272.71150354756
2.291825891764984,334.5702674130313,14,184308.5498079297,41849.24004671423
4.180744779074814,182.018563539126,10,198684.72800747797,30159.095048069285
2.083329005048297,338.89228753634904,2,13757.703304145092,61400.544570073915
2.7558856828225444,96.4378993069428,0,153396.54508160145,16673.08232799682
1.3138255253690638,365.2894964999741,3,77486.19294845693,55375.41832742892
1.10140297366183,250.70548413073297,12,81529.3463147486,25800.411721407356
4.8505936587117,339.7082640876229,1,152081.66980266944,68324.5490075368
4.343920482048823,219.26503389103905,1,184093.15426835467,44415.78235159823
3.783896824374792,282.38063941485325,2,190431.07592799695,50994.246181750335
2.6358117776570795,243.71287810891735,7,117538.90427747255,36531.27946956984
1.693177280283383,311.4245421792595,7,74638.62606359804,48406.56628844144
1.6257481706843442,96.93789407009456,11,158572.07174246197,8024.270704930508
2.0009715926583813,89.91618771688606,14,53945.26973614855,10762.111240041162
3.196906658824482,151.54406722334832,6,114994.43562253597,27907.387102770976
3.8583836908002493,122.64974443735215,5,74922.79999735026,31102.954690326827
3.640789506870925,357.68857697542654,8,133043.05937303585,57391.29597604212
2.1197355877837714,142.34061582815463,3,51877.78801423385,28666.992230471784
4.819461122652776,392.03553442031335,11,42360.62441829102,75283.56634404417
3.951587666783074,181.17561128446528,0,184056.62190171023,39872.670051458015
3.2174162100456027,130.09891217727076,7,24851.718175159695,27300.127028445822
3.446882984937409,330.6005073570181,6,103661.79200831168,57564.236062370386
2.6784002497111596,287.3735659152891,6,48066.29267778674,46708.43841444253
1.9909239580046298,234.40458642953587,14,12591.342848505152,34430.52123437962
2.4238907146050463,253.2699718094183,2,12023.669566828146,48809.97269182165
4.031384441857476,307.3365868298471,3,39168.24556063633,58159.3652766683
1.0575739545190235,145.39006463932859,9,174020.21912867005,8871.800824236172
1.464290562027665,398.79019229872483,8,60083.3550755202,57169.536107683496
1.184010568087011,391.68174350843844,14,190339.53826218267,43353.61795931003
1.1629152092758805,284.60747649448916,5,118416.34713289274,36165.92629307052
4.421842336044029,135.8490088066179,14,90139.76700490939,27557.532109671723
3.8146314375200947,294.47532000232616,14,118117.32276054364,46641.53626780324
2.8966953163493008,93.82547496312803,4,105756.18511912221,19680.95030630256
1.391336642604006,80.115325727916,2,152961.36948267842,8214.330597756782
2.9664635004673294,155.0353532087005,8,60086.73286470619,30780.69809323954
2.8938870831222627,222.66557572397437,4,73844.82636205897,44287.84468228111
1.6928074796400607,356.52992678476556,4,179348.38899398388,48808.98399852287
2.735406596951892,309.96579302288166,13,189559.02006432906,39069.617100665615
2.5940189375894938,315.0931519959937,3,179048.85435986254,49864.04010017738
3.463400392208866,210.41280036786486,13,86792.35882167614,33423.24531564628
3.540374603470575,184.15854754049775,3,157171.2730863419,34788.29709278397
1.181216039088178,192.44279178491888,11,97885.46799371426,22557.531866942354
2.498450458505885,395.9243560328991,0,102020.27116848993,62961.1799640252
3.5034396628569455,83.23603316611921,6,44912.62126617037,25593.57687559943
3.012545034320351,356.120393720408,8,120270.40913541071,56212.6248215511
4.4259593647532895,260.96288482888986,2,41296.50006190285,56786.41825588042
3.63477452647578,214.74308833256484,11,69655.11631810278,37924.11175791558
1.6517377083257188,309.33502793699506,12,171730.88931588735,36397.25697642453
1.2822749896017194,230.60075067015194,14,45379.78279611677,24070.0958018357
3.5696771128252625,358.22966856694796,1,18875.865608819397,72828.91902363401
1.1060452421664873,367.2316151237153,2,18456.480559499178,58174.79571595601
3.343102325093853,209.1679058682403,0,188452.98149810603,39554.05269169475
4.76092096569983,161.35317308756703,5,103849.48540255775,40718.2060626544
3.301896711503516,265.47560843580953,10,84835.35400431858,42046.73220755248
2.5526797048260876,371.079904053508,10,163121.32329654408,53216.26176539989
3.5731528737694127,139.51852237186998,6,167986.05594255062,25058.95774570245
2.8330115619660665,275.5789725759493,10,69777.25145754291,45706.58267377857
3.1824671572637397,278.4148726305318,10,140255.52120739006,38407.33577982597
4.765859235106101,311.9272973970427,1,155368.9490911179,61851.75473004849
2.544410551203097,113.41733609199574,7,132656.88393886114,16296.167661303863
4.844762255295657,306.22223834508924,13,34561.03958601938,58893.62095020901
4.621402567824255,369.9807318196615,5,175797.20128582613,66754.35092251559
1.7831645391571858,129.29542592717985,13,110123.4377835217,10988.712906042769
1.2774452035006618,148.3892972248796,3,60082.12314215072,21817.166715775624
1.4031120055097066,390.56038103374107,4,87919.49616035032,57782.311637477505
1.072887302606199,129.72239439413164,7,12326.362627786939,16813.19308613098
1.3777718430237136,351.9470808119611,13,29934.026238371425,49468.187415898414
3.7320270936654274,232.4516926278515,2,154281.61635059287,43475.39414408033
1.284754593840916,151.58625455304843,2,5002.268777296397,21497.621274653742
2.275902521175045,357.34746741992876,13,86230.33655404697,49520.47177791858
4.379501243877819,216.9507341508796,14,106889.48531168974,35818.5544347486
1.0930877429433035,239.88972679679776,13,15653.711900189597,27003.660508304813
4.257873930355743,188.54701190192267,10,194750.2417796049,29359.05607164172
2.1274190990935997,265.67378097352605,3,49094.439593686024,45852.257605478546
1.472659310486625,123.96287795305751,0,64318.75032907477,25399.072385434476
3.7869486614566026,199.05690709508104,8,64268.78988973033,39806.20882478861
3.515771387119536,389.9060663706449,7,49931.24911288323,66755.19765911878
4.509888054108211,155.1840327913721,7,5287.395306830726,40874.48381424674
3.940284175215543,286.72309929862644,13,147222.2348471593,44030.593408075736
4.213923721539395,177.3127211941493,9,193534.87246086064,29400.582425450048
2.128138290285226,325.2461314765782,5,48737.22924058379,50682.0243744177
1.7097581751188913,113.18830803705544,6,134294.20240166737,10508.66934756597
4.002459006563433,390.04094487591976,5,149669.78375694944,66255.10016323878
4.2273389570690565,219.75054865660096,8,170442.94892265231,39493.23661754308
4.962020568002693,147.8966529043331,2,87412.69341765378,40830.71876475096
2.650470707645706,94.25392661890417,13,64071.5265998837,12954.932345175255
2.4880723431711327,126.02010867888845,2,68432.55113449108,24430.258339570813
4.105651842967987,241.52540302348584,2,143961.15995421002,49175.50405402225
2.3632141610120714,181.21104822232448,9,164271.99596859902,20949.864400085902
4.723029302414259,343.5315107412611,2,40414.72371253752,73076.19276532055
4.433651007372047,212.19288280839595,8,77333.49659076422,41726.07859072797
2.7159761095000734,152.07570995391785,11,180878.33836608427,17042.44964757776
4.0034842711659895,273.6578455793299,3,162305.23634047416,47617.26599447437
4.018171496338729,303.23648157219714,12,197047.38853868278,45121.155996817804
1.4124954753437304,125.12382960731345,6,152078.41063800573,15377.756202871342
4.610211626718266,125.31434137514483,13,81673.06420044485,28395.812306728723
3.0210094897914286,82.10157088806918,14,120174.37762895436,12168.408424775871
4.305829864430967,313.01266497166137,8,133897.77957822746,56430.44518086054
2.280198404122447,289.05549411519564,10,20298.88418183917,43537.032271738884
4.582092913984802,226.62818899743857,11,111176.90702525369,41884.269119622
2.5568067149366525,348.5762481598351,6,143317.56155215888,51544.194462815656
1.0433506059211934,335.87115047351756,8,37627.65428020677,49977.19269470135
4.621527905677055,263.1669402509282,11,157223.18489798365,43527.944028272694
1.3651467071445342,356.52952256937533,2,118835.69220025177,54550.7726898946
2.2772545503616595,137.9275993121335,14,190683.24821103096,13127.157978294314
4.80024786820322,106.93347440125021,3,13272.34815034388,40636.883497118615
4.802428587750224,159.01737180060655,13,56738.59682331606,33808.44568241731
3.2937515524931444,88.8386625094739,7,122303.00646346569,19504.051134873844
3.527348848679197,245.28594424034057,5,62829.182880156484,51851.48040851694
2.793782087913279,379.0798784573373,4,144312.71199389224,59179.97325460499
2.172843086792258,82.98336842060819,12,153006.03009177654,2991.3386973989714
2.314658181479664,110.29627162330884,3,24990.612992962517,20708.180933430995
3.6900738243081537,219.22567933353363,7,105201.6205203197,41899.564053277485
4.00949811775072,378.17875578420865,0,104233.6583402559,67796.32062325493
4.166316174903394,174.33151464232765,13,77009.75019203051,31986.182455388745
4.158472571178216,237.3874868671695,8,186920.34820108608,41529.09484999013
1.3648244121947615,83.71904348662939,0,166363.73237527814,11434.143038864135
2.977681218810326,118.95325631748932,7,140955.82947237918,20934.492796424413
1.2302350400665771,395.5879405764195,3,144293.69396832451,56319.26129998129
3.198115529294942,388.489169823895,8,95034.64804355822,65669.95234450782
2.766122005493508,71.63019370835518,13,184593.9316138323,3040.8097415516067
4.5508167310331995,384.0978891896689,10,140446.10831439064,63992.47134097973
2.4036600502083147,280.9095794791151,4,147151.3070228842,42051.85293122298
1.4682680657104235,356.4130371916073,2,173029.7262385323,52212.19321909182
1.5719667282113434,220.0641523591735,8,58443.95992172725,33348.05567563651
4.046042526869889,240.14668943115257,10,162378.8262540071,41035.725374958995
3.4728722532650442,231.31937148478366,13,43071.917576515945,41875.65844399683
1.404490704491161,290.0652049902144,13,72341.68068775313,34159.06850184755
1.3364272244599897,116.08491406958325,8,70444.03858261934,17507.119526708742
3.80387652583648,79.89128465798373,3,195812.4663358824,21858.929254510356
1.291052025456774,171.61688072509298,10,172024.75863084572,17067.798298997022
4.287440237161425,302.54465170309345,3,141728.12301010065,60896.09060830822
3.824968908625985,136.61163920057297,11,146776.06851500107,20164.54058211026
1.325395122567599,292.2327029972227,7,114604.19490850136,38082.77504447103
1.3393508563407677,390.07097521539924,1,189682.6800861612,53452.65963834176
4.946558314004702,100.98723621050807,8,101770.4568120605,29835.312808511382
2.4970831830244813,291.9586990142917,12,79200.95342462944,40618.891616830406
2.4825685882675637,216.4375723705085,13,36791.890701660246,34153.87456050605
4.25119826903001,356.48694394457675,5,158310.1021909063,65554.60011528467
4.788994309535434,128.45943051763734,8,148216.56675474034,30793.463587753755
4.944004255291484,298.56656423463426,7,79949.2325122063,60475.04633336524
4.0135127410357665,346.57804558387636,14,9912.715722049725,58382.8880748563
2.505038342123663,381.72269242642767,14,168604.4789050121,48459.66969708113
1.334002866794675,295.4718493355831,6,7226.506773544358,48328.704206226954
4.108587663709747,234.067672122781,12,142221.45702766493,40500.714293393314
3.23361699894322,273.88958926640055,13,194200.13639658113,37063.47752609204
2.696888036987905,356.73864487797704,0,90343.95898889967,61642.21987565932
4.625417540378944,258.3012163908138,13,50819.81397421079,44879.66371558349
1.4447899292246054,80.02772969995617,11,142449.84695845944,1163.911915824603
2.9705004171634366,377.21306951730264,2,164339.9876930391,65440.30130304007
1.0454145790696763,297.54382784041513,10,111553.91163518022,33720.04034764671
2.874642567976505,293.24941730649135,13,193571.8786749485,38660.991144550964
1.2252131027273494,141.1728002912467,1,15075.400723302415,27763.103467549023
1.4752716650722877,287.43220517677685,4,103435.14166938298,39609.58668240424
1.4701049871084195,199.9752538658723,14,145098.51972789728,19261.307978590245
3.5968412084642543,284.9068824236924,4,173214.8918740899,50735.32488719195
3.984179517061693,105.17570000163694,4,39954.84432201906,30524.509013267558
3.3334750603886385,287.08895051900186,3,161000.67894391788,55017.49004393112
4.848690193898168,399.80652950431994,4,112777.87976511633,72038.33788912662
2.4994823180948162,85.9099728239835,2,82327.96798804283,21784.96617443722
2.142848345127443,392.4674807930347,11,30684.430572923244,58904.538841153335
4.474396512757841,204.2796270385473,0,173732.67298723792,45871.13327988276
1.8943833540778106,357.34863861129554,4,35668.2755950445,58973.41308572965
4.852890157762445,328.18720973923024,12,65408.63254577435,59155.78822818806
1.0486178987592654,257.11536612560036,8,61558.87873267519,34790.443260921296
4.879515306830556,313.6882390529378,12,174925.73666721658,49388.72265593604
1.1726396478023045,359.9101352294448,8,136177.0838707351,47847.35933103428
4.564572454792284,203.36630614484088,3,160352.8724523176,43506.481505052725
3.1108044363451994,177.92094331586878,2,53841.2402645373,39227.42200316565
4.971859184477202,290.30581723598294,0,126850.44942336479,64178.882686789504
1.2951862589415954,336.5891608406153,1,116490.466713031,51075.02176556814
3.215417137605283,321.5540944762832,7,167401.92347371287,50636.28252537981
4.877210142476396,333.27850412334936,0,181686.9767938458,63531.34081786951
3.0923913766805953,213.7424938882679,7,7370.570438090428,40130.36091744054
3.51759455254105,339.8852913377571,12,136433.88421646456,54522.54149290024
3.7829947559384687,109.6689882723008,6,15107.98082834716,32682.593790532068
2.818164259071093,249.68140232708035,14,112027.4396900844,34265.43878728918
3.5102323203362538,71.90035796438012,7,61088.38216351725,19773.801682668975
3.337257247692401,177.1133238670892,11,64821.43690681754,29402.984223196974
4.604632041963956,190.9323065075613,5,73826.90817320954,46317.174467828394
1.1817855213658315,200.73698823105428,11,126152.02756467398,22242.70811063716
2.1238527583689213,299.5041782076545,13,70139.74330541,45520.33823064978
4.801645936306235,198.22417341921408,14,147876.31486510468,33391.39379679858
4.561055135563665,218.0688954654351,14,83882.84018690459,39365.45219025193
2.8226270111428517,148.38956318852806,8,18328.87406044193,29518.017676022515
3.480530391206147,193.17309123768223,2,157833.1692844009,38179.936252914566
2.1095247319245307,144.99897699683999,9,60722.87329557767,21629.991269274506
1.7524846388950452,94.1546548435864,3,89389.54152185621,14270.222164012976
2.8547936197599286,269.1380358158547,12,138661.5572282708,39874.41066761145
2.4134089121042113,290.51022352315533,5,69828.95064399883,49594.40128188558
3.3346244474034883,274.4318141831728,7,16034.202948609547,49603.63601593543
1.3109385478599394,222.95303445418887,4,77914.60416749865,35612.80330126408
4.897579230664666,195.32930745914584,2,189167.47362538916,45069.31600931896
4.9448429779184115,354.9001043587023,5,130138.20747321885,67720.91316423206
3.7926468560789806,241.29698909495195,3,135938.43399010535,46120.0566698845
3.1443854653764816,228.13001961781123,8,128295.01995933977,38234.794813818924
2.238110465145311,78.46188171612377,12,43803.46709709017,9446.255087778094
4.255180078827795,182.6117831166316,2,86575.10349994463,42798.975644964645
3.738924690215517,195.46455419933284,3,151433.26068084707,33737.8764577168
1.6504677573795652,201.61151769597717,6,24767.715022866032,34208.59198115697
4.64370873797537,261.45688184501967,6,59181.291337493894,51555.024954871384
4.290148971692676,246.08884041986988,11,58882.22615084145,49626.79927075978
4.799199653167696,270.6086806218367,11,89243.69088092867,50664.87562713466
3.90287803355344,322.41147630890237,3,196171.9044837261,55244.1824260539
3.4536607837431594,338.2852937763108,5,18162.99660334528,61847.480342826144
2.6729721451624755,306.9806151547432,11,106146.69390421602,44728.540555968895
4.730913933416053,385.32281966512846,12,39976.11299238104,72691.24965752657
4.464255558001634,76.01675228319934,2,194281.92635490012,17434.077001672907
1.1808746804247576,134.6067352755702,5,27094.18342185552,23294.60529454292
1.105467897989008,72.4957487427869,11,83702.1954605103,4092.638990540978
2.5058534675121984,283.666655671019,1,148887.57204274822,44420.843790362
4.242213323127332,366.3500811534957,7,142388.11346535184,61293.54832929495
4.949104517259778,150.34915787017877,1,87432.08419431679,45479.07811152627
1.6016675644141127,375.9213997827812,10,72572.21275078006,50876.923392063276
3.3765228614085405,89.88823879555508,6,82534.41381780976,19132.428414293558
2.523563426524086,378.3638888458197,8,56533.87131593466,62420.335978426105
4.879657591258413,186.03548678907936,0,45039.92304782596,50728.7205748345
4.368475692542835,103.46887338824145,7,99192.74102398354,24927.22126667841
4.353314818844551,230.33768053148745,6,57364.08243318343,49082.27200309594
2.874772639179881,154.73626734776764,5,61055.024654963774,28480.046698035807
2.6592780093506607,164.00805764743455,5,133067.43237753864,29445.869871836767
2.093628287722825,171.40568842567455,5,193864.77968147898,24608.497648137625
1.2255019866037085,334.9985462847789,8,122709.25410907815,44905.84156792535
4.458889505020213,247.92322130283398,1,20010.996077668424,58405.70303913678
4.251604036520311,172.73154072148122,0,19738.80470154306,49703.18730548133
4.998870693144522,271.41014849260307,12,190527.52806488535,46578.871991145264
4.9865473482956215,306.3297224936539,11,62971.704109930055,56569.86165918809
3.22172682241051,159.96592024206615,5,22953.06228608271,35854.816859722945
4.075949660722042,206.471203503366,9,121813.6944943244,42231.83820347312
4.7790629195297125,110.2224108011927,10,126611.51176660189,24068.581643125668
4.398589562709645,129.7792853464445,7,131458.43992314418,28563.993085969727
1.9893924069727906,294.7688918084443,2,57143.39543222055,50538.01811072248
2.802176541240374,129.8746547395569,11,7946.583421822632,24186.942048032794
1.51663766060598,243.30391661012985,9,193177.99704362202,25255.26878161365
4.8162041090348895,303.9852663684028,0,53924.143909764985,69226.31901740754
3.42469853780352,105.26938462126546,8,136825.12617024677,24312.725517729596
1.9145712220138509,257.21303247753815,12,142792.82462634836,31807.432668430374
3.686802737623427,154.66571862145003,12,123951.4463304997,24028.16258533765
3.4725129618315833,387.7658688284013,0,66016.9418716614,69128.6769897281
2.432650872131362,229.57006341757517,2,57863.76948399282,42621.5273615358
1.454230368798516,335.9775414258022,7,121545.3151270271,48198.271988144064
3.6862927823711984,251.5747589115664,13,173888.64855427985,38023.580813867724
3.081230803615173,84.32613584209032,2,189613.07714006215,16969.612855548596
4.089273566942557,278.93995394602734,12,25651.631858732737,50226.23603010164
3.0806540044479735,383.9631029281968,3,35191.579456555366,66653.82922320544
4.408726001274161,268.53190064828925,7,189223.57046270053,48931.73923312893
3.207627355097942,340.3323236108408,0,148624.36952528456,61484.310083622775
3.243751886141545,361.7881329049746,12,177183.79584180575,48936.33000098217
4.5066144106333805,145.26632474314772,12,44513.36365639191,35677.030538180836
2.613931464849588,139.9747971697148,5,119579.24486633336,25235.05709817649
1.536060913802563,271.62372632082725,0,141722.22091140735,44136.94176185812
1.115130705253356,205.63939503621256,13,137621.81766215968,16456.216401620455
4.0205490226944764,347.1542299460177,0,84589.57971900613,65214.75230859386
3.4812382054138586,367.0076307213437,13,8002.003879805153,61359.296821746
3.8163190723968943,186.62905516989696,7,118670.58107683131,36547.99343741785
1.851856646035643,148.16728446157907,10,54354.800140023704,24359.357538267814
1.545485902347079,327.5734200304744,3,92799.57799786361,51235.62144404363
1.0581786626715277,160.6859917308849,11,191728.29794134438,10522.014622299088
2.402350235226388,341.4627251095139,0,82811.88694027477,57037.827180213506
3.3596707474185323,209.83362370409174,9,168761.31329956322,35095.332773166556
2.5689761803989293,290.2914667661853,6,41765.41812110397,47570.91915936581
2.7498996880949163,101.5266535654405,4,136129.7971148806,22228.94372909127
4.616634777974994,275.87357714326913,4,195516.35611559398,50919.62335637262
2.3930218680932014,219.0833339832856,0,24869.154670222673,46765.315849683415
3.055957956639243,263.5807928479064,13,6622.388734302443,45443.65185378561
4.134612050964572,125.44468855580493,9,89548.64456335979,27538.34033114069
2.5861711292850806,313.16833583158007,10,23061.9691950166,49714.21481775933
3.488346800911494,354.7230355892654,5,150934.9481868651,58421.62617891187
4.44945483498698,141.52413402995597,13,183336.989450469,24765.67819165532
4.7980824946305685,101.58580332165337,8,89634.08967820798,28500.891479925882
1.5882939237161517,77.800733395291,8,55448.77022031099,9251.51830072145
4.706350500645978,281.8505951462778,7,89708.64720628891,55392.646594221835
2.9684651723181528,270.3410319092976,4,146072.3244807502,45047.018483386186
2.0329775531958334,250.4101461956431,0,6765.561508172341,43130.66343108739
2.8365430249530452,146.54254171827188,8,119943.52794951595,24683.2562146076
4.920130301141908,198.99897864881984,0,124591.87855303891,46261.46192594696
2.9704723759714784,266.17719061143714,7,129349.20814470743,40404.8152579261
2.315006441150033,233.9330634235259,4,52194.30559627106,37480.587745244076
3.533603417266903,395.9692216709128,2,144240.28105873472,64663.601288298916
1.9605824751127723,115.02511834372194,10,22821.3398346964,15204.718129162753
1.3034533124346557,299.39770283570596,6,43857.71561102616,43015.99429171688
1.515518887642597,203.4251934744164,6,176106.65909762398,28392.558779547377
1.5121833558310898,211.30587292545286,8,149051.01439168045,24352.48764659895
1.6076107740491774,306.8072626671982,6,7680.383032212324,49230.62433125106
1.5553086905976405,298.503929937042,12,53433.37077211104,41081.42717795161
3.5634989792128584,397.11447792172214,10,46809.26418366709,67306.33374757096
1.7275203375965793,112.37011551986133,13,57807.23396720965,12047.870396149627
2.382669133295453,104.3561842967749,2,53274.15520457785,20912.47802356612
4.587153639624047,309.0318096524846,10,17192.62766985492,63332.7633590586
2.8958465610514894,260.867682612115,12,94493.40073637996,42899.10844753147
3.6702309540841087,160.47301996473595,14,147883.0275833022,20462.63899772046
1.6892794848065193,96.20839176636558,13,123312.6863199001,4263.964691219671
1.769156075234683,98.26722236682207,12,136209.97537662555,6615.744277611435
1.1634744650659155,365.08298863915905,0,20824.089814566636,57609.540540654714
1.6757402522886582,133.31621715718515,7,190540.6884844735,14261.03051770912
2.1143613561278345,176.71261549812186,11,168505.90759938984,18396.85932057473
1.7080419371069873,144.79661273490603,2,161992.61210665424,24890.183126051335
1.3548101350282225,187.14878092453932,11,165481.84198314467,20153.37290335197
1.4825434844024032,92.90986810621081,7,186878.54908588846,6830.418244913644
2.843115072130903,241.28973099972922,7,111129.52339217105,41306.531367644806
1.82533487362317,92.31214598543092,12,44054.99348418705,13382.547440435752
2.457079444192302,334.1176475813793,4,125272.80353124553,51811.50920548964
3.0136690834194275,147.1249870304429,12,149861.8912652481,18411.56441931723
3.761579314517461,248.2039318194885,11,148893.89170403496,39950.077886248124
1.1572485593643957,360.4260988952812,12,106682.55971254162,46639.301894482975
4.197641595636171,284.78953178557407,0,18349.45027004772,63067.286029821415
3.511601557963631,245.87606956194065,12,77367.02299387493,37817.074110033514
1.3270361277954876,177.03013852807396,9,184549.48865035467,15156.578097769112
4.4943144964271085,179.89063130920533,6,118967.53740269807,38558.84458119268
4.683489602127253,290.93069521540275,11,109974.72893486412,52606.98463755182
1.244311839419455,398.0659892029853,9,57426.43530452774,59805.220165898296
2.107510592588815,288.40693265029495,4,76847.53938373289,43984.24000650368
4.224805119172245,254.0685277321082,7,179592.487384868,45665.8588701058
3.9930387615346334,311.11466837895125,8,134960.29426773297,56462.60556778579
1.7380840774255093,223.517852053627,10,158540.4702167049,30833.97417518194
1.8373972933468412,89.84697305825912,13,93597.35749819275,6775.369704195513
2.481888411165528,255.55794923971024,6,127898.20779395079,40531.08295752703
2.9380919407640853,386.0163438867755,13,53434.80370492547,60660.691815987775
3.473019086121184,127.84997097802768,12,142564.86190527983,20205.31144515266
2.4756545582790896,297.7016139708197,14,88382.26007215078,41216.71148093225
2.8501388645325916,136.30811725748862,6,91296.37538887539,26204.043920842578
3.989883752535026,246.82313587611682,0,131617.85329249193,45327.504309028685
1.1467328115623916,101.90322838341747,14,187574.7211864407,1804.551236127807
2.009747777376083,218.6224089652011,3,17481.23758868108,39820.39415955045
3.8533983435382098,319.5338985354312,1,165824.93128266648,57660.88014031587
4.580827350748797,184.6986029988641,1,62014.706530377654,50801.916268493835
3.0467097684626645,289.4208690807819,1,91564.29362874368,51918.59648541233
3.1284539410612626,332.4984870606106,3,9273.099111126747,61847.23583071151
1.4286880453591042,375.9686804282194,13,63703.985177691044,53936.649636553346
2.7896494672938186,147.43188701229968,0,103013.09231287544,29248.25316297056
3.1304690658200927,201.77425221707168,14,15954.335082750607,32820.535841650606
1.9698820145389186,120.29728439903775,3,100763.6672297172,20161.76852420269
2.076972923797524,397.5195557122638,1,185786.57262739333,61604.93830871663
2.5091366524184906,375.91031941501745,4,25551.67753102202,64870.2523125006
1.0802847911109055,248.18585299258467,2,154065.94197472333,30740.75411140153
2.288316662332713,347.87098714421904,14,84885.85540831856,47113.60148662612
1.8457920279861786,241.9161324997739,11,132758.8743322459,28863.727431860258
2.3099894087116586,275.78327704091066,7,55746.136607119726,44375.68967889281
1.4790485272770049,99.41106259828548,3,36100.99119556487,18953.539783609263
4.56210912295958,319.2392387639466,0,36290.20978288916,69718.33245202138
3.3743698142161946,112.14544959962748,0,18745.929400413206,29204.34653290763
3.7164092765779584,342.6023179833344,11,41201.107455742385,61240.22068272455
4.156684954429354,328.0692689312273,9,134522.7800728488,56572.81380018166
2.993768795716229,303.8857502551822,2,176929.66930948407,52874.2871465721
1.3476811523496948,81.9329255731715,14,163754.50869027656,529.0158177917166
3.148426167274191,170.03235746195844,8,138601.1904255244,30119.570849860025
3.3473644720835165,156.82714807057815,6,26534.213365165022,35067.27452564631
3.98175789673732,188.8450144656013,1,61391.55202771022,47058.41556454678
2.7266381849187176,98.92210643206673,14,65412.34068788145,15045.391127045079
1.510321211182255,379.1960816002507,12,53741.60454753614,51948.10757568627
2.135103623194898,252.75473943508416,8,105426.10364339601,41462.293289961075
2.4523291855945404,170.82302251714776,9,109432.99390153615,26991.523855027837
3.583668965326405,201.00390063451354,1,74592.76515836648,44686.78050589955
3.2831132186756475,217.57683836659578,2,73988.88595360503,41200.03871761068
2.424386903591385,268.1961300090037,10,166568.34159168586,33446.3217047961
4.946060995171919,240.17421113984426,12,158912.1054223387,43796.262340003
3.4230992774275486,373.3993511607577,9,65020.1871777454,62965.432097900615
1.948907166943978,233.997949358924,13,183188.74655528556,24056.54578077757
1.407129890481615,397.4121448916932,1,190798.92831548868,56589.49016961173
1.611436556737328,350.97023605588157,2,68714.79569585796,58844.23226336318
1.9838309135380325,138.8084697379208,5,74112.8650146457,24425.586726746595
1.6427254930382227,377.09642083249236,8,103598.65991728197,50916.14057469539
1.746268096205223,108.4009113022071,8,188518.55844406635,8942.531599867974
2.1403806747753884,339.7584038020932,6,175882.28946275075,46461.61650934826
1.6934943811790193,195.60568684727144,11,25000.75270380001,26982.887464978692
4.587061698505701,359.73152574687293,2,81582.49493792617,70388.68127640385
1.3209349826465688,356.45870773545863,3,112907.38200120551,51072.82080828335
3.0980455582810187,335.955382038815,5,103110.8321475503,54217.72274590304
2.641587307958646,330.7100439813303,10,42803.298247694074,52418.968861571695
4.929514467634426,170.54411590235344,4,172469.27037779018,37284.51093094101
1.4481556086722094,96.70336340691321,1,137003.4526843833,8237.212540174329
2.5914223961829665,202.98345899250327,12,168392.1330961017,29490.968223988562
4.877881733101475,127.26308994554786,5,172459.03447314707,33033.45974211554
4.462028503575921,299.3338593378123,2,150929.39146481926,57311.15039546049
4.268288283797119,184.21290975746922,13,90646.06724369488,34078.712619902435
2.0316113081797593,391.9513662837719,7,124056.61722800779,54804.62192742906
1.6835503495602633,281.5207855239596,1,36271.254193349916,51423.75262234949
3.674572879697724,341.4185859993391,0,136360.856407607,66562.18686755536
4.717503956510344,113.73314200480998,8,39954.384869159745,32563.159296308273
3.227051572055719,354.46477914996547,13,140320.17014948057,53936.02751367009
3.2864507578795994,374.5098728694201,11,49771.64134702389,61670.726210327666
2.1199163746411367,230.73043321024886,2,27922.503529292895,39539.570800526504
4.077971732767748,270.0634694578225,10,37230.4755778767,50214.20856569096
1.7481749942300935,322.38723429798847,0,5388.466367718702,57093.392731006716
2.2947169456169747,127.69674699593614,6,145154.2254814384,17661.290065916484
2.701745754465667,235.846805232936,12,147818.20456638394,31457.532774079464
3.03044151473782,201.55879916486333,14,105412.00323308559,28732.628171746095
1.969638929660321,118.3034174135422,9,36465.74620579982,18408.66295431202
1.4593472989568141,191.28635935620537,4,21293.0958145845,31829.552588480612
3.4424801697665304,92.49686209721287,4,8730.148455270966,25329.21260785783
2.154522212961023,78.51792929333071,13,37320.894508218036,8850.223435137948
3.324952885690449,114.60487542109152,0,178716.82932171362,22310.485744130354
1.6174508610968092,387.82798682442734,14,52099.68413182795,54412.09922192915
2.92456040741927,251.3447468453556,14,74082.90880735706,33209.07473985119
3.1303577302063434,388.72131318056256,8,25542.36947385997,68590.04784105695
1.2072941472897076,212.72429984894356,6,48360.45442589321,33499.7917870211
2.3464171127756823,172.89932391813568,7,106248.79130214,26150.18341252652
1.537658707755897,237.02681473728055,8,123511.77320365225,25460.45291353436
1.253499881891071,215.03885724886035,5,52843.70126241116,31158.521809729267
4.959840929559781,104.86934580637549,11,16257.771048897856,30788.349643732698
2.289415379898892,281.47268384776805,4,81251.40947984274,44384.212562809706
4.239497783418539,141.29260022816788,5,50669.65733063516,34827.45929716963
2.0185626190550554,274.4640251162838,10,47813.01502981138,43932.15650895398
3.726010888895717,284.5663604913906,1,192173.24652912377,52236.20051633446
4.040911439558746,120.16820153245388,3,125178.5947555162,27721.7294611298
3.382554962431377,90.2453769465205,2,113591.2964185587,19974.818194016156
2.8863047542006335,327.65132340258515,12,86076.14518704778,49021.38038681901
2.647363656589074,221.73413984387565,6,88644.14501887813,36837.81844988193
2.395473066171981,89.194052516807,8,110476.47574842576,14425.047795686301
4.718116576991303,398.30588466602313,4,140803.8123720409,72025.64154112262
4.3224776311509165,89.06758512880099,5,141918.48875545675,24899.600638025615
4.86010764266605,299.3616255233226,9,38480.31200256266,63951.07452182096
1.497188893942179,394.6140453369265,13,102521.98665494226,52782.95398239128
3.923469900814577,148.92943439125546,11,85331.82853164988,28793.996221517165
4.753361827284151,116.94229166677474,11,174752.7584225299,23404.214023203884
1.7249322646626406,110.05703000940153,1,128126.6896375834,17213.53507448452
1.26598506946711,170.08079869730653,2,108838.29295111645,27161.412329279996
3.964482597160236,103.34511763351341,2,27501.955224888887,31094.455977681147
3.2978924527196476,298.41324275906356,11,123099.38841806524,46386.92467455448
4.367315107033088,90.55629338292069,11,27854.761607645516,25329.67726598344
1.559089506505158,238.10930228943062,14,70755.28223532165,27770.510378551236
4.181069247439561,398.90996177148236,8,32854.18313879472,69954.20025021222
1.8065092801909781,338.6101889369862,14,139954.36116975194,42272.30569025056
1.654623771462818,273.0224146162336,6,45219.16219804976,42043.51499613588
1.6570631917239718,171.06369485958186,7,81412.57777166506,25274.72223784702
4.258298880925528,275.8856259762407,10,179656.58163566183,44624.30860640232
3.6607888827848005,243.92368309084503,9,44841.694762799205,47892.054737036895
3.0922616990764773,210.60751668382258,10,104021.98747196193,32097.789061933992
2.43532193649401,113.13442432426584,8,86757.97392737429,21832.955202776993
4.508802163252433,362.57939102935404,5,8534.188003917297,69008.93705081289
2.5697804296905415,218.42893411103643,3,159587.8321466985,36103.39078688703
4.266397757886308,134.22542890085248,11,18463.951731346948,32693.466903045308
2.7565396342808737,191.3605857895056,0,97479.72909050595,36021.685449423145
2.5077777176996303,206.66281833454593,7,114332.26751309524,33070.4858387473
2.8507191426784257,343.0875055370685,6,127543.15903984448,57098.6009314805
2.2055114966565683,312.09274558526266,1,139283.16771503573,45643.67325661232
3.9904375207050045,323.87061490164217,7,54388.114786929444,61218.86371440649
3.0108815603699166,73.64031726145357,11,6945.861448397628,11966.620677987583
1.9288507805872692,207.33081939932129,4,146071.51415920784,28308.97149782773
4.598298293098274,228.84357003965678,6,109453.03687277783,50303.70785760289
2.5355648854928456,76.3334513516087,3,168042.95212541352,12162.130457150746
3.1742114444559544,155.7383588858613,4,165170.73076563538,25425.51458805925
4.625888443858187,320.89564163030457,7,169448.6027186372,56795.4828699354
3.4969519836559684,115.24620289056969,0,99593.45869601033,33927.83009339189
1.4675921628334563,246.65234337935524,0,70057.53718818881,37169.57096724907
4.7593284944539,141.01661776568838,14,159353.84950531714,23678.822838578213
3.5108322122856714,73.99985563248478,3,93002.35204070472,24598.88517062509
2.3396224586283445,149.5964810078487,2,40771.22829866973,34214.42771646101
1.557088290653549,392.03833912031774,12,171719.9338144875,48198.33318201046
4.1761007570811834,334.5072469213866,9,177099.17597060773,52523.526620030236
3.480291023714054,386.660292625941,11,95930.40244733317,65995.66589371307
3.133844367905286,230.9918344956996,1,19761.44682540856,51718.80945610933
4.575570332203831,106.21294556357616,11,80626.08753380159,27336.38309438996
4.154388844898123,250.82663136131868,2,161689.84359520767,47086.6420510532
1.6066995189310047,219.94452040478708,10,180845.93556651458,23884.820195371285
2.246888271182193,348.6378373040733,14,44677.18478703119,49775.53755008074
1.993956559257863,102.36725165880071,14,18059.854344927946,13883.580437094179
3.975785170290708,231.1195752171868,10,176083.33836090355,40644.698092249055
1.1341297389431175,119.5160593490148,13,80933.96310088068,10910.19352429858
3.279558739485266,177.1430558737198,10,110643.38803217483,27282.330522906042
4.049834742962762,313.3278355379739,0,193772.833349898,60312.70027805407
4.507062547046997,227.08598269169295,0,17980.121943273458,56325.46832185157
2.36832699486363,194.04313409810388,5,131422.01145315863,31751.136108093637
4.285029218688051,200.17717192811165,4,19450.55740209908,50212.27573110926
1.442526947820829,221.6174335739756,7,78216.44105096758,28721.267223625007
4.385809166938072,329.0554594662288,1,161743.83631272212,62328.52178157565
1.5099546493279297,364.38794735027733,3,89527.0853873487,54268.70197709538
2.589149162241469,385.26044654629635,7,199450.55901107533,52026.565991867115
4.1891814631182145,329.6781174642474,11,114016.56056458743,56590.21686220866
1.5996697093950951,174.08427559684418,5,67626.61976401093,31752.772001470403
1.917005580930566,297.0844530085589,0,47921.70855142686,48071.45493935382
3.889010273572265,214.40903093827933,14,73351.50418580155,36674.2695772142
3.8801461461842974,154.0413052751969,3,77643.9883831124,37505.812973194945
3.564590531541189,347.48762121055444,0,18399.167156172392,69272.29388479286
3.7757937778684,82.68069515756724,12,77066.96888822077,17601.468613534566
3.1708977733903847,367.5814574046898,1,95526.51134914886,62816.9491833063
2.007196235627811,222.28756332616229,4,145933.8616865669,33347.996078615375
2.3827839740156778,280.27648734673255,13,133062.24952071355,35388.752542020746
1.7263908672057027,287.58679432790825,7,143209.30276968508,34629.664936773384
4.633802245334513,365.388854433157,7,6630.917965987134,74434.97793437423
3.333567179064482,280.1009951151784,10,47445.14291820453,50227.49965637303
2.6034056670545596,272.59808297082037,2,134028.436237972,45708.64092269941
2.8480232145765307,91.99517338502768,10,99377.92679505069,15528.645117295679
4.789133358447261,241.07464724191735,12,6036.127755327459,52353.69351618866
1.6134056124643208,119.55577026962374,3,161876.45527420536,15955.250152611063
3.344919328067189,313.35314367809025,9,155697.8667916158,50550.70996199132
3.023554715537864,239.03323386818258,10,111941.73678374471,36780.70741698178
3.4458169417385913,294.4751671387566,13,17960.34852637306,52726.30983033568
1.072440735283362,83.75205719878682,5,154470.434658854,6843.0619751575005
4.488495635776606,97.98136529511507,10,118824.14960761597,23586.579379981238
4.72847312993445,306.38671806068515,10,157482.19554580204,51186.14140406085
3.2605327343568358,93.78783087956221,9,151590.6635171889,16165.216836462485
3.786603295507569,93.51472016253534,2,161585.40403177825,21617.04446534033
4.689997524709183,73.99579682751286,1,106011.57294890184,27172.213047170757
3.8289545372535945,385.6454614388284,5,32363.28104773542,69742.67659307322
1.6101561716570454,313.37775862147225,10,135875.7073090393,38131.18942225566
3.3051534406672527,186.57296480568118,12,125992.38808513427,32861.63532596565
3.4268601855314236,167.85674182492622,14,149739.371503822,26288.521750181757
2.696522685209544,185.40206581613035,4,38126.79617989338,40027.31849376112
3.9457769424988913,325.63566528979004,13,43020.1639805564,53577.436267824014
4.737468059076059,288.2523016532367,9,178629.85585776906,50936.20025029913
4.702274051627105,131.1145373962644,4,151245.67069815382,29829.252082259307
2.8033574856165284,127.45608066024784,9,182104.55529656296,15438.582007897541
1.452952183363021,102.47056440542111,12,152949.48762696455,3551.6172294468947
4.939364795849338,287.8998975014416,4,121445.28466810887,61088.71238394061
4.355592345783736,322.24297853317285,9,132555.88372043538,55494.154966669324
1.4986507248130674,157.46532134725135,11,178379.94516830193,15530.813235125974
4.683367530469489,76.91183714020123,4,117867.3171298284,27068.489146063243
4.479585448248513,97.11665026722102,2,128316.30824403555,33556.886873333526
3.0753522285042885,389.39381149886003,6,35512.95962070211,64251.2964400359
3.365101742979717,167.4967765675487,5,97414.63792264003,35597.75978347248
2.596010815480521,323.84363878658405,3,144697.43683182928,54214.60979460021
1.2190465552881253,276.13897772190705,1,57833.82617169125,41877.63045008805
2.3407889665836037,196.04008108545565,11,44439.565202284306,32102.24540856847
4.211413794392046,137.87679652453318,8,66196.22760376104,32701.06699650461
1.0185280920184114,110.05751799260412,0,52092.62245860252,18541.68451614573
2.3339966867645767,272.954279452826,12,46907.96422209719,39019.856166697915
2.5926747743637732,325.62914761047,12,87845.91435927695,46377.23139252715
3.1495824117516915,282.48840366857314,10,182028.51020728916,45119.37129025182
4.679422465651042,244.99970397222225,14,103876.63111405006,43754.602006301015
2.385383977463845,83.84390373243997,13,41644.47425898799,13585.54173729874
2.3878128075849108,389.60129660614666,3,20009.475529270443,65396.98598904792
3.9500049924389935,333.5756832460096,0,140750.44830189543,61189.149141558344
2.8088717635592286,166.63127211131837,12,79645.75906509563,27620.731299739004
1.8984192917599279,393.3902086884207,5,165257.03458414506,53538.62360975244
2.8097580645307736,268.6209245799863,3,133604.5998849502,44431.27147959376
1.5634280815191994,262.19947720839133,4,160267.08285556687,36001.762668220814
1.7055479460248932,316.8641492117456,4,58029.47768659751,50178.63343123653
2.993471090957919,337.8840300697454,8,140009.98987990632,51891.27390122377
2.6757017980181916,286.6379404193959,0,56492.08701527516,54341.23526442843
4.6593836042724,112.271596300846,12,188118.35349280687,22517.45130348418
2.4495755964665324,181.6282769781845,1,129092.984899008,33706.74537502859
3.322353401112174,376.2676013075964,12,68279.80103419171,58066.309532655076
3.5290571516781215,144.12315190847113,5,57554.81314699317,31817.707691454027
1.0523778263533345,192.8151178663794,4,42230.68408897048,31262.14833102894
3.6541494880668424,212.58537137158467,10,140454.9869842769,36925.09817200581
1.7121438674790057,215.00364659916923,6,47649.54453459582,30883.07019757849
4.84428126987782,272.2700622231934,2,121084.13685586037,58110.6686407795
1.5946509110124518,381.2150264557535,2,56603.830250444684,56768.86651215343
2.658496494908095,149.42859490472665,9,134083.94423480437,21896.444302629992
1.3413986723145754,110.09545417930296,1,163913.24706540516,18021.183168690015
4.987497007383789,135.1652616537793,12,156714.92241320736,25880.7427297875
3.0087800413249703,362.6852170690589,2,153366.00953150244,58509.7361994254
3.381540069280175,283.117568176218,9,41605.86910998915,51623.101680479835
1.26830590955371,164.34924044892284,0,22235.06466198115,26796.55935158863
3.999841881596711,339.26248985964367,4,141295.02155504018,59358.321749408016
1.839622372382343,354.2520987999339,13,76827.7066898985,49287.42362257038
4.592217157762855,349.34973176779175,14,89307.51414865273,58429.5981511716
1.8205585619280287,373.24575610105296,11,11074.073094711257,55264.01259564059
1.7627508826546663,153.23953665720933,4,55617.407608634596,27307.185952053067
1.1461986713923795,319.16383648627186,11,11566.898755520484,45070.31605919977
2.888267780439997,221.9780341004662,10,176441.22565724328,31449.619526998555
3.2593645330504657,347.85952245372033,6,52462.35322761344,60374.38881338962
1.2628345577134095,310.40192346333237,3,113680.74806673657,45530.546135267985
4.102110466780042,326.2276573449091,2,12600.967528920432,66967.18719899106
2.8131553389921105,286.5334064347536,0,135035.24130460332,51209.63681479499
3.09756107731032,128.55149392500326,11,67990.3324220483,21577.148803963715
2.7630509877529126,249.85888323598965,14,180094.24145674484,30724.237402566683
2.603052243501304,394.9410140430877,7,178183.04684213697,55767.34539675879
3.2385613252328715,379.33806194404923,12,68431.67058054081,60001.91716873223
1.62096098372285,84.24733281301386,2,180687.37465964124,8485.534380326575
1.7277125219810845,124.38888919071425,12,199250.74633226186,5506.265771575478
4.447142484054069,113.47049524000542,14,165956.05450416988,20275.80627677344
4.784461848534531,309.57337029514747,1,169749.91281226964,61496.29869804661
2.493237265119012,339.8691588527919,10,53556.70354127253,54334.472446347354
2.082978692574215,140.4587508825217,3,117456.96777726249,22348.606567236013
3.575998172956063,236.93138867410357,2,18114.90322363673,51730.05969838752
2.6349366843923856,347.431999243696,12,23508.997680225595,55615.62856905237
1.1015454226413794,311.8245097728627,0,199784.05934649167,43181.74822747491
1.6246103894647614,248.93827781230993,2,68694.65363805264,38777.75357166338
3.86388891538959,264.8147378513951,11,150895.86284952503,42995.58907672334
3.6356957676406054,237.75898048237238,1,162299.68534022922,45655.622235656745
1.108383970013934,168.19098893521078,7,172314.5378464097,16569.198231846683
1.8878886477317978,256.4572576434753,5,199537.51799342054,29758.200668767095
1.9242991863522856,297.3321496765299,8,52091.81462508923,45537.706899933415
3.6875709743949137,358.19656223406656,7,12868.411237641443,70348.98072399697
1.0788421510174566,279.9761468131519,9,85182.34600894427,35211.43693909889
1.4164343279382954,321.17010722424214,2,30365.730616644654,50683.24699678492
4.199664341492758,122.82363953500908,4,9373.048386600749,36499.91233780792
1.7141786482173345,222.31396655853067,6,75283.23129258979,33978.583081169934
3.610984431407499,73.07943454294079,4,157828.95895967112,20310.85972132788
1.952731124186906,151.4040252921356,7,115405.23478888882,18588.261363492657
1.3977655710373806,309.7323659872916,11,65991.70789601904,42811.85786362967
1.9726887639978163,397.29728394528996,4,132596.69107108033,60809.04598073149
3.8890677274226366,102.72877286378124,0,50243.54516021809,32058.184234788376
4.422785872425143,202.49312423422512,4,7804.381984056579,49575.053533900034
4.320879458267966,334.02341967072266,3,154048.91035510335,63664.37968738978
2.5887341184738193,137.3317594275366,5,126629.90154848178,24956.5701891324
3.6723405462825847,253.17803326975445,2,153649.0117776872,44769.918508844275
1.8199371816632839,311.91352768979266,14,12592.913254094794,45697.38577259155
2.172590921044053,273.2751985858591,10,168238.32742697716,35312.94081168523
4.5853432740844795,132.04816242308732,4,125807.60900707915,33389.30847956257
1.0520076940429441,187.276907666294,1,114862.09338896483,26954.863932713964
1.3420341234178723,328.6512888801811,10,126799.73938233366,41367.39100240332
1.8315450205841093,252.89474966356548,5,173564.483139331,36797.12838970294
1.1061288154952789,71.7257724691612,12,119452.61877898687,549.443089202807
1.7257417403591893,321.12695080927097,14,118285.32407819497,37444.3928625105
3.3321662438787687,81.6527471302789,11,198182.43562782434,9412.561795605005
2.685698202369992,316.09214830130657,5,152562.38257837077,49571.58356174836
4.570686844307899,136.81858485452835,4,91247.29206297138,38072.28691516428
4.269774246953764,386.16424843939546,5,142942.4150064209,69332.57712025476
2.367269406791504,191.4204479296879,10,80899.94197989875,26803.346566921682
2.03769373372517,177.8874333915661,6,49630.7151842823,34560.42775150444
2.5187696326690676,119.13305660970674,11,121386.11599311308,16124.051477101653
3.361179770059231,170.8493911117709,4,185995.50913222053,32484.31353644879
2.072254563291505,359.2947514033062,0,186182.20640301524,54642.94633964823
3.496595631396536,398.7903314169916,7,71671.52923057061,69184.66989741378
2.6376466087649617,191.54214506725995,3,107897.10591323052,35803.63651728909
3.208188723407921,218.04150821499906,8,46269.00022112294,42470.109261741825
2.7445061165412667,308.2834096069032,13,199148.06635228227,41722.37531688415
2.1778630381676707,362.4446075534746,9,196317.99203424747,49984.50072229313
4.793813227848627,265.70463028163874,11,131654.2412929522,47811.87515445312
4.054423176639043,199.2034803986837,5,161860.7416371073,36916.10877723028
1.5604527030658102,206.16520748004584,0,144444.5314503215,32170.03308546825
4.473871903591651,299.55398834394623,2,120665.8527126963,61535.4212785975
2.9497247929980546,71.06202698941196,2,15402.85941283505,22592.343641207102
4.578208907576366,274.4644813617474,9,93679.04679776891,54307.108333684264
4.199421023789261,187.31269344564794,11,136583.32892264504,36370.07618063361
2.700854017876934,332.0851193214378,11,137118.6647073185,45828.46291408757
1.0898772332804696,100.68691114163362,3,77758.9105923648,12590.635900436591
2.0747094375397843,264.10674809296887,5,188629.93739831596,36277.312413917774
3.1665368586434677,228.72105366242084,14,37634.621286172296,37674.33661465024
3.533912879304589,281.96742354872504,6,102570.09201203432,48987.03930069589
2.031550741732809,91.40168617937955,9,139722.37542741044,12386.293221934746
1.5574242962912965,261.39464985128336,3,140941.4821489028,38397.378574740746
4.339720947197197,255.28991402664283,5,131484.59656991903,49496.756107967936
4.9376087228142085,255.01783115733642,10,58681.201623112735,49134.83915877882
3.1027607292107433,269.15092997683007,0,35460.280893891286,51481.79746502865
1.686717143393214,293.2344192846995,13,129008.36373120862,36130.34892367419
2.089229306077476,335.646369894654,7,121863.91264719036,44834.715129916294
1.073562706189867,159.04083764231075,6,39974.42200640199,24450.49289626399
4.657195226241996,342.26630535942047,14,142502.13338625984,55984.50757706541
1.4710043315605645,234.4243751469397,10,93758.538388063,36316.93694963009
3.3060659020570142,95.42923211432928,10,135213.3153626148,20699.881060535943
2.096220882748824,89.32180665051314,8,168286.5805551794,8702.148245067086
3.2167120100631736,180.29864516970008,2,38097.04357250001,39410.83064208325
3.605681553407457,329.0160024467843,1,8733.249259383152,68135.30869908983
4.318967214828806,303.53470846450216,0,156925.00434717842,62685.137346296506
1.8256850870424128,330.2429383418941,2,123890.99790476011,47594.25817638614
1.043983314633922,240.69878862573108,4,141429.71607631372,27480.498132504217
1.547542520275229,215.26566932531188,13,168440.2201227853,19961.4823829249
4.60007456739242,118.6593338130737,10,161548.1322907776,25887.34146073201
4.495560310250061,178.3036086910728,1,192379.4286511208,39798.11860337038
3.389652408681233,213.22639083737883,11,109507.34037616305,36796.396560172536
3.4020674417346135,99.23814179427369,2,100256.64836868155,22883.831002649425
3.660146698185022,142.80194439469972,14,83368.00397869236,19720.337225257696
1.7014851144937984,267.4143470410338,14,34969.75335461988,37387.11835149736
4.657647783699839,312.7688276989327,14,116658.41041199437,51514.250006808914
2.6750820995682925,399.45467875967336,3,59017.44224356586,63905.76447083691
2.53255411299799,377.927399343374,6,184654.9648815302,55609.2597143383
3.07567082113135,282.0465158466132,12,118722.20683403403,43735.57251738438
1.1878638671002202,209.01185758704375,2,120603.83519908148,29416.79194936103
1.6651334750243176,279.9385303537168,14,74210.30887101695,34490.234712263285
3.9521344657054818,329.26503396647655,8,15137.92363565296,61674.806777424434
1.3311946717005059,109.05094300471782,7,11190.03424773278,16112.947572021998
3.412608437865553,205.2686135997751,3,87550.35310987351,38379.72234992002
1.9813964387252838,347.13475425975366,12,21490.248728961382,49873.321542160535
2.557182456167906,196.66487413790452,0,123335.15633032713,37161.44539503648
2.1547749470827995,258.7178495049716,0,176789.73609973319,41385.42243892607
2.4226908658597965,263.9638890845254,0,177168.38922115084,43185.737842853894
3.876183620736982,130.877163534101,0,133513.8549757853,30346.502921304036
2.1884868624927,189.53769574525518,7,46190.20713722154,31100.571993119367
3.2656185611875888,180.38872528483762,2,173284.38211498005,28768.05240002887
2.9042016087963987,78.64491381558139,14,177788.2198860756,6585.287449786201
3.6546846614505926,77.98328208414723,5,43347.44906582695,26661.258582210838
4.747318957299032,344.4600244130052,2,148798.08672528208,63417.429848097614
3.930288388841001,160.1133672910281,10,60871.31204078897,31453.026089184263
1.859761514363027,240.9659928588091,4,161514.86090882128,34826.1770126157
1.1247325402451387,168.57943928429512,12,199461.3904812025,13843.194338664804
2.0490561771993003,380.42415088806234,14,10855.0710392316,54669.70073464397
3.3803117228010193,155.56793042570536,13,179986.34382923172,19452.930327867518
1.2057032539370014,211.7867482038486,12,126412.95405173831,17938.034512843216
2.9854649888049454,358.00098265991863,14,194809.61073714012,47893.86806477172
3.387371395667557,347.83807704129686,6,95676.85591765339,63612.877818937115
2.3369755632678433,131.41346788927152,1,170240.64646141787,22639.5826005884
4.083648814983288,334.8722922325844,5,17166.84337666406,65746.18778260348
1.4263930125350872,221.20167262350458,12,70379.41476526766,27837.40983947171
1.300551126943235,229.37972778816723,5,18068.22486148594,35984.11955196976
3.9127550248144134,114.04839089726144,10,195191.91102841875,17285.40946272009
2.981965264824794,96.59849953985113,2,164309.91191800815,21230.665490556643
3.753609585710944,310.2199713013425,5,171246.74714296425,53190.229312831405
2.739309354414985,233.8321802772489,9,187903.22012960937,32211.4393110491
1.9856081329564272,214.16073186300926,9,21595.179793358144,31821.65940000912
4.276409270696799,310.7377154552909,13,80191.53054010001,56190.14300864215
4.197663515875917,322.6192566670662,4,18851.803363580417,66568.02140192672
3.778785883417707,122.43969533088668,11,46104.65480225558,25048.809301874153
2.088580548919851,271.37429932762166,1,49726.32652234611,49866.381024989074
3.3609226674763484,114.66684715163623,8,96475.90615427785,21785.70342564287
2.443895587760107,317.95377838958507,7,57369.622653460305,49880.056579543205
1.3663282933065366,286.795201568156,2,24690.730829463413,45496.978925322335
4.669254301848971,385.68282495754113,7,37660.762373351,70173.52002803229
1.5472745236758456,92.756145397619,13,33718.73489265773,10506.9424442256
4.80094941528321,88.82805797991392,8,194749.97559289818,17529.167237081532
2.784023091831823,163.12173464875605,13,153062.03884910236,17878.386051485875
