House_Size_sqft,Num_Bedrooms,Num_Bathrooms,Distance_to_City_km,Age_of_House,House_Price
2178,5,2,19.312838274432558,49,336048.7307567177
4806,1,2,18.751955640093055,35,735335.7922094257
2368,1,2,26.85486612682427,6,358211.82834571233
520,1,2,48.64206055455096,27,46576.0854807031
3948,5,1,37.0404276211732,38,588970.7272094137
4520,3,3,21.013806343466165,3,698429.7754054082
1084,3,2,31.90626006694928,15,149034.39995809746
900,1,3,6.82962021792798,27,131947.8534552814
2613,3,2,48.8142202273765,30,342431.5474721745
749,2,2,16.677967084091154,8,126882.9923806081
4269,1,1,34.56811722462484,34,602515.329018056
2680,4,2,45.33533636209456,34,386903.69489146915
917,1,2,37.48828150790957,23,91839.32750957817
2117,1,2,38.85473341133273,35,270304.618777922
4716,3,3,29.680296209691825,15,709013.8588645677
1933,3,3,23.429795852298227,15,308957.11209928145
666,4,3,16.295287668487937,16,104235.76025933745
1913,5,3,23.890052944407927,14,326581.9493125935
2599,2,3,40.627077758976185,43,380690.61284623644
3475,5,1,34.617582954685886,2,552174.2110259455
2051,5,3,40.76870547516423,43,292587.75168465683
1583,1,1,13.233631823541618,32,213142.5611720275
2729,2,2,41.6361613643124,35,399223.2006019241
1378,3,2,46.793965503659344,45,155860.95795708193
3353,1,2,15.020994714144509,14,449981.99558636313
4732,1,2,32.03742841475996,31,732904.8102393678
3237,3,2,46.84619962290818,17,483191.71213652694
4755,2,3,4.248857722197016,37,768616.6367414143
2360,4,1,17.085854867706537,2,363786.089086965
2038,5,1,33.78851772610286,38,304156.9338382296
4521,5,2,24.30678357557069,48,705739.5438461021
2481,2,2,43.35365375319885,21,293127.0494567631
797,4,3,3.8590966623198715,28,135694.70807589105
3556,2,2,2.8049515295612806,31,551672.3463444952
1150,4,2,39.924621821355544,3,172977.56508839453
2540,2,2,49.819682575420394,22,339824.7188491277
556,1,3,25.72869247725997,48,34083.11708202619
3432,4,1,15.177165590808933,42,496697.193034947
2674,5,2,8.934447366725015,46,445160.40431306494
3398,2,3,19.89111070261622,33,511297.71999825124
3477,5,3,1.5185090377310817,25,588040.1444242327
4707,2,2,7.208757179892807,3,719998.0488754758
3897,1,2,11.581478127743077,26,591866.0477733992
2505,3,1,26.751019012938016,10,395261.8835472526
1704,1,2,25.994327321587953,32,241689.37489431587
980,5,3,32.170908906555624,41,178691.816387994
931,1,2,1.0533760493996223,9,147503.7104391062
3804,5,3,9.78645454335178,34,625652.9983127353
1442,3,1,2.991078253470692,24,256682.85401584837
1257,5,2,11.16784814678837,21,244631.10800269997
2559,5,2,17.446521100770784,29,380620.2106586118
3561,2,1,8.06135291122439,43,555106.6699610817
3386,4,1,18.75963213601295,37,479622.6070022195
4334,2,1,12.665213206249046,47,639383.7028309827
3476,1,1,42.21805535824277,21,511149.9983383951
4621,4,2,26.030872350702463,24,702078.1071849975
4594,4,2,26.795362497711704,28,715488.4050741086
2017,3,1,8.10404882927575,35,320218.840012514
3741,1,1,20.675249164428347,39,527809.4640016434
3128,4,1,28.906187542815857,48,456882.8030661649
1551,4,1,26.870607821714103,39,256368.67873870637
1759,2,2,49.12603842539673,16,258865.76065873608
3895,1,3,31.247181279296946,49,532923.5317419721
1315,4,2,36.657361658873654,30,190668.74725353767
924,2,3,22.267165628164335,23,142490.47257392353
1252,4,2,15.142615746539793,6,206655.79772910196
2671,3,2,13.919604544823986,40,388807.59777337266
653,4,2,7.498221752127584,1,160995.46694715237
2803,4,1,44.262571372325546,38,398193.40407344926
1043,3,3,13.697710580889442,40,171967.00439712085
4413,2,3,13.409475447021967,28,680358.2846323998
4246,2,2,43.29065104213059,1,675368.3324132236
1177,2,1,46.99590354690576,14,147111.381335256
4077,4,3,6.623713929697001,27,645707.8396543801
755,2,1,2.084269953232977,23,131190.2329695045
4012,1,3,15.931936580533902,35,587926.838149034
4237,2,3,21.073653884167765,3,636118.1652303835
3180,3,1,23.07250912526836,27,480353.73260608537
2495,2,3,30.823386149250062,28,367868.6053981603
1299,5,3,30.39128212692134,16,219185.16597051366
4630,2,3,31.595037333950568,31,684174.223223733
3115,5,3,32.28011393529559,13,475075.8091120689
2905,5,2,21.656457385077022,13,470534.509803518
4351,1,3,24.522339951440028,24,625226.3513136221
1046,2,1,13.286062526538512,34,142654.91576992688
3677,3,2,7.616701940743973,27,551196.2262944242
4283,4,2,16.850219953533433,29,630088.539458309
2542,1,1,18.671351312856547,24,376244.9257010945
2956,3,3,7.057157975814884,17,489634.0896908574
3823,4,3,28.627387858078386,16,563579.2496829331
3521,4,2,20.044563778498937,34,541207.6590265518
1141,5,2,12.90692013034635,45,171651.55905109918
4535,2,1,35.86747895035652,17,676845.6143432785
4912,3,1,5.27115747659554,13,778362.5041272088
3060,5,2,10.350325892498958,2,519635.54379712173
4131,5,3,16.815685737048007,25,704259.2338863686
1838,2,1,13.974012619538096,42,271512.6675356936
4225,3,3,49.89843027282922,45,630547.6697052924
1195,4,2,6.402927477896395,21,201320.60056414406
750,3,3,37.925530219447744,14,134216.06823602424
1178,5,2,44.94887492494752,22,156890.6589625791
1154,1,3,41.53442091825306,12,149853.78390501396
1223,4,1,32.91804446016088,19,178265.085912539
1675,4,2,31.7430530670404,35,258134.60752103198
3599,2,2,21.22394084101581,31,522878.5831721019
1133,3,2,40.59731571406142,42,143226.63302576053
3155,3,2,47.3302773527542,22,455092.4344614758
657,1,2,41.89935041670547,16,106260.70611552201
1557,2,2,0.7296639727425777,23,275378.3934068797
3084,3,1,44.59510178042422,7,433650.56977943145
3611,5,1,49.90814539367525,36,516767.77833338204
533,1,1,0.6333686935052856,40,68326.51924260242
1574,4,1,41.548540784815664,45,257063.00181420162
2656,4,2,43.37510557237359,32,411108.19704194093
3003,4,3,36.21015659001725,21,420031.3078125231
4663,5,1,5.991364771021721,24,711441.162824507
3400,3,3,32.01398457475453,30,504806.4230585643
2505,5,3,16.181119878393304,41,421579.3039681891
2148,1,3,33.99016886444314,41,298400.01821896597
1560,2,1,49.33699653178579,49,181212.9238406507
1878,3,3,28.901742470525072,33,269723.26800131466
1551,3,3,38.229668012929,15,208581.0309436682
1277,3,1,37.9782170949355,15,170874.23092528846
1557,2,1,35.812758124841416,25,252880.16785500015
1619,3,3,49.03142781757024,47,210189.67594064833
656,1,3,18.017797612767453,12,105396.14032930382
3860,1,3,12.110138679719068,35,574633.0540472413
2890,2,2,45.50891339311028,3,420013.4659785423
3212,5,1,9.031194689107627,38,502482.2378786392
2197,1,1,9.660678991450114,17,348651.38495877146
3050,5,2,1.3447698655037117,30,520120.91867299355
2590,1,3,3.095667992772725,28,378827.71042597975
3012,1,2,25.182604073189097,26,414360.5462586493
1972,2,2,41.16649861412644,41,265354.95102776255
4949,1,1,18.689315833543063,0,736436.4231173916
3369,2,2,30.416097255440437,28,507530.6129458764
1550,5,2,40.55778870786579,21,257610.39279925535
3797,3,2,14.92757672900176,9,588724.0591543056
4705,5,1,36.10863377572088,20,694818.294491578
1345,1,3,33.218597872514785,45,204709.25687679477
3002,4,1,23.538786872179273,17,442818.54296553566
4587,1,3,34.11577129901624,41,662964.4595587095
4562,3,2,44.0540036982773,34,635207.262275799
4852,2,1,1.3105388882896765,29,714982.3055066317
2545,3,3,42.33666862679544,25,387785.0635977605
3481,5,2,21.494067502781835,40,521041.7426922524
2837,1,3,47.91392026767581,46,363002.84752343193
4705,1,3,5.7727179443974705,46,718042.4131387925
1484,5,2,18.34311851311851,13,252722.4378173192
4149,1,1,14.817404553767997,20,595741.4929019689
4521,1,2,41.998521859614705,31,639240.3175519487
3971,1,1,23.190708444731726,44,564835.3871954022
804,5,3,49.914224192225255,46,129518.99880695266
3471,5,3,32.807825696160954,9,519288.4398436393
1845,1,1,49.23252798874208,34,238007.43763941075
2875,2,3,15.659925859061287,22,444984.84867923707
4841,2,1,2.8238604626303907,36,733583.2453714664
853,5,2,18.468231068177648,39,149023.59923527433
1498,2,2,4.5542203430862775,1,275794.77776568185
2947,5,3,8.960300579639357,14,488040.4798055247
4070,1,3,36.24353342997914,12,600920.899036877
3037,3,1,9.833011777494725,42,449530.1456973191
3810,2,3,48.086183068616414,44,512342.9546042887
570,4,1,21.461298972812532,17,80853.54457947379
3511,1,1,37.82022484199868,33,482627.35924019065
1802,2,1,34.414078180866,6,260592.2640109404
2124,5,1,44.39373518104285,9,325819.64990169456
3695,5,2,38.68227514766169,24,588934.7552517625
3697,3,2,27.102208674117495,10,525092.9528304653
4089,1,1,36.595082128901986,9,558736.3922250414
531,3,2,9.1529005009357,33,86683.43218250145
1526,1,2,26.34225794123836,28,190467.14742004624
2650,4,1,23.90845015647124,20,390332.7889159189
3076,5,2,16.408081864643783,19,471251.4136683706
1646,4,3,21.40603026945925,24,289760.59447852
3591,3,3,45.878067610554304,29,554316.5763433207
2702,3,3,19.005593801105032,24,438586.70706480823
4326,3,3,16.826117668380128,49,669442.0382263112
673,1,1,7.737918687762315,3,118510.44546324988
846,1,2,38.87315057536748,4,92128.93525515028
1159,3,3,32.41817359944943,25,137078.07231341003
3255,3,2,28.28050374023786,35,462615.73994470644
4970,2,2,47.8085893718015,9,715940.5782662934
3800,3,2,27.87501558047384,26,578204.6929677124
3979,3,2,35.20015674437425,37,583558.8908546828
1800,3,3,24.121352742457148,15,272926.63324613025
2650,1,3,14.520158087488316,3,438132.02579419524
672,2,1,11.258869901009007,20,124277.14075875768
1319,2,2,35.19036524984574,8,173323.48388039452
4888,5,2,36.20116643400601,2,770664.9375429497
814,1,1,7.399896441100977,46,98347.752373822
2001,1,1,27.07070947005402,5,264672.26873366226
1604,2,3,26.091726856036704,46,225027.83877976847
4875,1,2,17.091129441385704,44,739834.2631809572
4861,5,2,44.36635954645218,30,750279.2748056778
2355,5,2,42.17506644788803,30,358810.63596853556
3265,2,3,27.906395465239406,23,490598.1439765985
2434,4,1,14.657114579274145,45,383751.2667938257
1423,5,3,10.46877515021603,4,243022.91477905496
2775,1,3,19.523165374343165,33,437312.72599390236
1327,3,2,9.863065140208604,2,241090.53222144098
3605,2,2,14.622099986449582,24,549138.9298946861
2488,3,2,43.84660766488401,42,336781.96418262983
2724,4,3,39.31907046932331,6,415638.9512881642
1044,3,3,7.5956096507471464,7,183020.26256281702
1140,1,2,8.696713016157844,16,186674.61303332518
4669,4,1,30.267932528567364,27,712759.4813577695
4790,2,2,5.722068476125006,24,708132.07804411
4559,4,3,29.815197407931308,46,723721.4589976441
3006,4,2,33.14790820674024,20,476354.1475031947
2118,4,3,8.738791159727416,47,330109.345277778
4907,5,1,46.05457937966172,2,709322.0294660124
3795,2,3,32.662085317264015,24,517743.49025880796
3682,3,3,16.84120203897555,9,560806.3222380828
1237,1,3,33.1628645843926,1,161732.96252391086
3663,4,3,48.55959825052058,2,573275.6248560199
4874,2,1,19.615942597858194,21,723546.898356916
523,5,2,41.0356078999307,15,105525.2941636967
1945,5,2,49.86719989310038,39,287876.88114676875
4030,2,3,16.312010291189374,41,576058.1211794124
1616,5,2,28.17381643286292,4,265962.0635124277
632,2,2,24.240407956966134,49,92477.45457148706
2585,1,1,46.74199498319857,33,328408.5827415602
2422,3,3,18.83861632186832,37,344489.26018631924
1013,4,2,2.848668465666188,26,181166.7009405845
1098,1,1,37.42357981175425,8,133979.5249720906
821,3,2,7.13417382252759,15,150906.6367870886
4574,3,2,19.305705580076086,34,686622.6473407123
4601,2,1,36.897043706907745,41,670785.4023645591
4735,2,3,30.244965472338006,10,703034.684009146
4868,3,1,30.74296269998104,48,693010.8107066458
2707,1,3,3.8868120053215995,28,427056.1208743135
645,1,2,29.109482587027387,32,56796.89734833981
2925,2,1,46.003789104238315,20,396585.1665240854
4214,3,2,3.389047374572518,40,667834.264443735
939,1,3,48.60619240160001,32,99080.53276669487
1730,3,3,16.124230029311796,11,250964.19102708698
1030,3,2,9.67759396488499,13,158258.73203512953
3650,3,2,7.393981371706041,10,612971.6522350719
3642,2,2,37.62456880539671,32,522517.645705433
1136,2,1,44.20640839273241,43,78688.77841964722
3360,3,2,30.858958393698334,35,488486.5980512507
4080,1,3,10.395085850955585,8,607002.5409843877
2349,5,1,37.79419393075718,6,368333.9645557717
4647,4,2,4.684419999402248,8,752445.5726476737
2615,5,3,47.047218889793506,10,401531.75130400714
3937,2,3,1.7411490466198387,2,642235.3455310556
3276,2,2,5.312170189886002,48,536564.0465459882
2793,5,2,6.5611489929450535,9,494487.9486565379
3078,4,2,37.90935330599065,6,485560.6755931101
4022,1,2,35.85698675017715,14,551957.375944463
1664,5,1,47.9450075289254,8,217434.4262378569
2894,5,2,40.92859925253442,22,428496.1878475101
677,3,1,32.39593184247559,48,75305.29967150361
3299,1,2,31.643433737406525,29,505186.4048931608
1332,2,3,4.398099852255697,4,228007.76362394073
3564,1,1,48.268014528259414,41,484968.1117095075
1175,5,2,5.5270235898820586,17,207246.91171957747
4514,5,2,33.04505654346539,29,694874.174594203
2669,5,3,34.00020351072778,32,408498.8907241028
503,5,2,32.863178456698165,22,75936.75330892685
1923,2,3,46.44200281788795,15,295888.3641120944
3906,1,3,16.54003520282792,37,589957.741324761
1837,4,2,44.598118971713156,38,285925.05251728976
2801,3,1,48.517833618802946,28,383244.06714478676
3565,4,1,39.48881446000889,12,539440.1364883579
2260,4,2,39.62949699151879,36,366417.96754096216
2399,2,2,45.228741963398015,0,395800.91431493044
4928,1,3,44.709300078787585,38,703821.2382134708
1943,2,2,43.70666065254356,33,273501.1369295606
4217,1,2,3.3241277208333164,32,614114.3765126341
3576,1,1,12.590813854865422,46,534845.3335073498
1266,3,3,48.00250944195049,5,196503.8821639582
1331,3,3,30.872147668088918,0,221060.1699232415
988,1,3,3.4688362570494835,19,158929.03317250745
4530,3,1,28.46708191236569,27,668359.0878358644
1756,5,1,30.38561263133102,1,276407.4609206597
2377,3,3,29.093245504075895,44,363152.20017799956
3013,4,3,9.440426843341125,3,478554.3745424147
580,2,2,27.366436989411632,45,69099.6973077804
1709,5,3,30.615682658409742,18,276210.70351630764
3311,4,2,45.55087546235217,38,495147.6179306006
1898,5,3,31.215144620461576,36,310408.2375191387
1439,1,2,2.9385116196887844,8,207671.66211610008
4198,2,1,3.0636105510109757,3,633654.0463541114
3017,1,3,44.86597086936692,0,460267.2069836903
768,1,1,49.194994877678795,31,97457.92291615932
4302,3,1,5.442714848174487,36,685441.5325761947
1089,3,2,42.93267216055948,24,136175.58850172494
760,4,1,24.478951668908227,0,96533.20382665112
4031,2,2,10.438933761894631,4,627966.6715934485
2822,5,3,23.67772193592235,29,421569.0602758111
4577,4,1,9.006208082846783,26,726612.706381047
4188,5,1,11.65197759495251,28,689556.4996304136
1134,1,2,24.801221565508214,31,163483.94361077467
1833,3,1,42.75918824930982,42,248830.47729076486
4739,4,2,29.507666209685016,48,729599.3073144527
1575,4,3,33.755651878591955,23,245378.31397976787
883,3,3,34.6333480566397,2,169005.25398365728
4009,2,2,22.16108107028389,13,577173.2917072764
3870,4,1,41.08671742332561,3,590174.6499383888
2411,5,2,15.47451079387826,34,387684.9693613031
4843,4,3,6.774487789112702,20,754565.7073750739
1339,3,3,15.420522501404523,15,245409.78810732006
1080,2,2,32.277384958550975,15,183866.79198644424
4839,3,3,23.937684520119742,9,752126.1352047134
4096,3,2,26.836783579082464,19,629099.7144878833
3762,3,1,17.9031419647109,43,549666.8803748051
2487,4,2,42.02595187621163,26,359305.4489233916
4758,5,2,22.71024625800103,16,747486.6363695454
520,2,2,48.526656520777905,10,92748.1446365609
1521,2,1,30.91829329126451,49,183085.54441087556
1282,2,3,3.2696608459744967,44,218607.80425584264
1131,1,2,36.0582171133955,29,180066.8279754089
4781,2,1,23.016748124511007,0,728956.1196491414
4202,4,1,29.885584311346502,27,637704.2482979331
1677,4,2,42.7702516325833,39,192174.080362167
4334,3,1,13.50863582782086,9,696417.0472179967
2726,4,3,43.24570208377871,14,438703.3438890574
716,2,3,22.614296554480035,4,116642.58196627833
4288,1,1,36.00048213237391,23,595464.8374152477
3222,4,3,44.415787441867174,49,438406.0625436658
2021,4,2,43.51990670199657,12,289473.3433895862
4196,3,1,23.05514144734469,34,640171.1534130553
3561,2,3,49.80079974844927,18,512575.92211591493
525,1,1,17.52049522463707,40,53092.668207355084
4190,5,3,45.078155384843264,36,619658.2552320254
1272,2,2,16.64108381543955,49,184206.3952558342
3905,1,2,44.68509755506766,48,602707.1023400967
2957,2,1,41.4845411318205,34,395368.4392401206
4459,1,1,27.652220168031945,2,670965.5831242311
2192,1,2,36.6448154404936,0,298076.884155813
4261,1,3,45.185432755138024,18,580597.9765464764
4635,3,1,15.46435317318652,31,709475.9768953242
3212,3,1,29.505701351138267,33,489540.72024209535
3710,4,3,10.255475877410719,21,595985.2244661361
696,2,2,0.5846672751525814,27,99519.02451276692
3959,3,1,48.49331355924377,2,563406.7365467511
2825,4,1,39.10256519231292,10,452243.9760502253
3881,4,1,3.532397572867388,18,606660.1641193078
3846,5,1,43.1413730630725,44,586081.9227865802
4326,4,3,8.836167892740526,45,674707.7169358614
2215,4,1,12.701621443911622,46,341459.410831271
4265,1,2,30.70434021256679,14,622477.5842953554
1067,4,1,2.2154622439318032,8,162677.91050779948
3964,1,2,35.85147087916715,32,517521.46021199255
3635,2,1,23.170300324482447,8,519712.6971060154
2675,3,3,5.643008916141626,42,423831.9247316396
1336,5,3,26.07591601744134,12,261343.6255514984
4792,5,3,30.30503277998524,34,754885.8573138955
1185,3,2,33.62385416153563,20,179437.3936342455
3321,1,2,39.25089465607741,32,461007.6162132272
4564,1,1,10.769618462035318,2,717656.7402201467
3200,3,2,0.7739794132799054,13,484496.4160148826
2283,5,1,21.222745252063383,10,350684.8885973561
4147,5,2,18.69822410828725,38,627121.3574840721
4747,4,3,13.436603247428897,20,769953.7910062488
3738,5,2,4.6183585751471075,32,600204.3124882753
568,4,3,42.99680467354451,43,80718.56209063242
4152,3,2,13.12621001533874,13,633560.4686217973
2043,4,3,34.14627254217214,0,336243.66142321285
909,3,3,37.1101146652618,42,136321.95197466126
3613,1,3,8.823751894426511,15,576092.5612227432
3345,5,2,36.19094206890605,4,517298.83780916594
4692,2,2,26.317140584927426,6,712738.7761113142
705,2,2,41.1822404959465,44,112840.13002227602
4989,2,2,40.48867847047385,8,742162.5944691852
1625,2,2,7.465114830380664,36,260744.85036855692
1685,3,2,47.086598085636105,39,192630.61231475486
2019,5,3,8.565652500224207,42,348286.34836784407
2952,3,2,16.54938070584646,43,428941.24045351904
1975,3,3,1.4727012934576325,19,348237.60324421176
2426,2,2,24.94411909200879,20,376551.76032799
3352,5,1,22.615159854889875,24,528789.3576056195
4729,1,3,44.772928469735625,4,705758.4814182135
3253,1,2,38.02914513876945,42,455661.05135152343
1674,3,3,9.687658766059084,4,272189.8523639607
2936,5,2,6.8227609538114065,20,475495.53046734055
1408,1,1,6.3716590400024025,27,208671.93734404517
4135,5,1,41.64607606593066,20,651300.0103113811
2755,5,3,46.92755498377976,35,400239.0031835741
2274,3,2,7.50516916638591,45,352379.72488437255
1953,4,2,27.466169707469845,32,305895.4793986684
4945,1,1,40.34686258777878,34,679597.4205747196
3516,2,1,29.490848820134577,47,499015.783666824
2296,2,3,20.53299546688029,16,392467.9941865571
1310,1,3,6.504678296075986,1,253767.6795823225
4795,2,2,8.841007549780263,48,736890.1434367404
771,3,1,4.25950046968523,34,130539.10044388122
1621,5,3,12.151508648715483,43,257374.83061236757
3644,1,2,17.549900279081253,2,552348.4668770275
4349,2,3,14.538091407740161,33,650442.3106415474
3318,2,2,21.291299805027947,9,513140.238438774
4680,1,3,19.12762256340733,9,711731.6423757698
1013,1,2,18.205276188602234,49,120370.77583699768
2874,3,3,37.56416176613292,10,447255.8274992555
536,3,1,24.652741114985336,46,81961.95633069225
3538,5,1,27.630157442414966,16,559017.3791702822
886,3,2,37.99448669594334,37,130911.37397859717
4724,1,3,6.096442992897194,31,709244.249038926
2942,4,1,3.812727422812322,36,455732.33139784605
3144,5,2,37.97302265457466,26,467542.30201901845
1373,1,1,25.246853115367642,1,194187.93065425902
3020,4,1,14.798590451366572,0,461310.260200679
1865,4,2,43.1010586244907,34,258362.09014081073
1689,2,3,39.43919371006234,36,211403.40944820683
1389,3,2,1.8477298629436572,6,202743.36335196334
823,2,1,25.27990297549465,4,113413.5658949663
1242,1,2,9.256849932270777,44,161647.393150018
1765,4,1,14.071741497518566,19,285324.21591020166
3521,2,1,32.46180062749383,1,533837.2313011886
1460,1,3,44.79600405676343,6,195415.96956050576
4960,2,2,47.06155310663139,7,697199.5684613499
4890,1,2,19.11071115371342,28,714443.3656489025
1671,5,3,2.545783606780339,49,310034.95910344465
4420,1,2,1.872330740120543,7,648655.969436429
4882,2,3,24.24505619225274,29,733174.139621387
3243,4,1,7.607966448954082,34,499019.9122322412
644,2,1,48.9877292321822,2,75739.56141521591
3393,3,2,7.732436571291897,11,560575.2848159213
510,3,3,31.718178350805438,3,90402.44409743037
2897,1,2,18.94177756903079,35,403702.01361788355
1740,5,1,16.528232128404035,8,319063.1805581892
1229,3,3,6.149554359437807,8,237160.53257071442
1167,4,1,34.84135548296229,39,212490.81548367295
3568,2,1,27.393403690494907,37,545094.7320567801
2325,5,3,42.40496424782605,38,346781.50027575245
2375,1,3,25.718777267561933,36,316786.42831453244
2770,2,2,48.317402703703216,2,411976.2727238754
1975,2,2,5.730509689171333,40,299460.8316656153
3234,5,2,24.335737237865327,48,492618.21768834844
4227,2,3,27.584779753947878,20,620224.0648967775
3704,5,2,31.502493802363652,22,602207.1648691845
3767,2,3,14.153200069347019,29,565874.6686771297
4936,5,1,3.9048567168491695,39,750853.0275107891
4435,4,1,41.633526127623924,48,646871.0898009501
4989,3,3,32.86897298726974,38,726736.3947455157
2442,1,2,3.7732489179791244,23,370651.10776968685
2755,3,2,12.64932535650842,34,444388.9714323111
661,2,1,48.42964212698139,9,85749.02730672433
1821,5,3,42.35601060820221,39,264541.729497191
979,4,3,2.9130410702908383,46,191404.96629831815
3651,1,3,37.328871876371196,10,553157.0032397032
1514,3,3,11.605539060817478,24,243970.60321853936
2710,3,2,36.25982596923701,26,391456.83288299816
3539,5,3,34.0385707274492,2,543317.9165229877
4850,4,1,34.089139267873584,27,745323.6338364403
775,4,3,49.54841078658127,12,129154.12859037552
4775,3,2,27.75785181307771,7,743593.2902244871
1948,5,1,43.801335850380006,4,287031.09284973703
883,2,1,15.074296952898184,31,116826.24428140359
4465,4,3,3.6855264746385497,14,717465.8992776803
2190,3,3,48.77209672004154,10,304679.93449884106
4762,2,3,49.24107618966473,28,669877.163945449
3111,3,3,32.605481738767836,39,442053.88432204805
1736,4,2,36.291043209550814,9,283635.99266546936
4912,3,3,8.346949443129374,47,750553.3508367263
3548,3,2,38.20455111208614,49,510394.8601355835
2552,3,3,45.17341569981126,6,371412.0106496795
2012,2,2,28.098492000108376,24,284080.04866373906
4567,1,3,31.926037042393837,38,709143.6295681922
914,1,3,7.750281824929241,5,162639.82275634585
3877,3,3,6.855190807637325,27,625010.100828025
4906,4,1,23.459965486739367,31,742997.0230289727
2925,2,1,14.028293424022774,4,456964.5890834192
3509,2,1,28.03151319086884,45,498905.62477077777
2678,5,2,6.860971700903233,18,446356.2536250653
2836,4,1,47.42736316998274,36,387749.15349784214
2367,4,1,13.456015894521707,38,370313.15055295796
3719,4,1,29.435093018839183,2,586998.3091337043
2130,3,3,17.75011331178208,22,373392.3763411483
4211,5,2,13.023959815336656,5,705738.1937646017
3857,2,3,23.68853251964418,0,602445.5623008996
848,5,1,0.744849446841378,32,178875.56254082345
1860,1,3,4.562180248667554,39,262294.3144968122
2481,3,1,42.57378517704169,26,362301.6852285561
624,1,3,8.655725690057666,40,64046.41507706199
1028,2,2,48.887777303863594,21,135228.44068852562
4722,4,2,1.547706540754728,34,724993.5517546508
2215,3,1,15.365347061779739,27,376665.4975236799
4114,5,2,36.503975681771664,40,645485.5660786413
2798,1,3,35.81816067021738,4,400214.6139521359
1307,5,3,33.83916971010334,46,170112.04554056778
3585,3,1,22.463831204470267,7,522423.77214622987
2661,1,3,9.378630211472737,24,356615.2844163107
4990,5,2,23.653870135486585,47,750231.3703944761
3811,1,1,28.55187383311857,0,563039.782230543
4784,3,2,25.714279436078147,7,719360.704665945
3698,3,1,13.750695986952618,38,528885.698031889
4828,2,3,9.373245480836777,9,740314.8559963075
916,4,3,26.714270035274776,6,191550.6260950249
3611,4,3,2.5684145011572648,12,577512.3412784718
2496,3,3,27.207429996723892,31,363737.0201415058
4329,1,3,2.670459171767961,1,684191.5600339709
3054,4,1,21.015684371577798,7,525730.4651487162
3454,2,3,43.155237871425236,44,475427.63520343404
4451,2,1,20.105043163733257,19,699567.0398729359
2150,3,2,30.929131371788316,48,312801.2197799012
703,1,3,44.632274572251674,30,84088.98088820028
4798,5,1,48.56838705513707,13,735381.9031962061
4048,1,2,47.9065740929154,27,567148.270210406
4116,1,1,15.493248496946817,24,564169.1634460201
3307,4,1,43.510329380087306,47,471209.66389957065
2498,3,3,20.148035705640684,19,385635.88643202663
3282,2,1,36.7893167189897,22,477386.10575675673
3314,2,3,45.00333691912622,25,469643.2834635119
4819,1,3,18.308894022155172,15,739810.8319792227
1745,1,1,3.9162744535492955,15,255827.4169227754
4354,2,1,30.80175993651008,9,675893.504926681
1112,1,3,40.578563545249445,8,136948.27985227594
1098,2,2,27.243710054023822,30,126588.23951288265
4274,5,1,28.84537956266949,43,654080.5938413884
2131,1,2,46.814918185133216,45,243104.6760315773
3531,3,3,30.64312030053344,23,538721.133602336
4422,1,2,29.914043839772887,12,635103.7002833243
4621,1,2,14.523338992009728,49,654727.4061404399
3105,5,3,25.63578608578381,39,480570.8948241148
3507,1,3,46.26384423177261,26,522620.2538526972
1129,4,2,40.81896478737717,31,146852.65825309276
1712,3,3,47.29328293709722,8,252639.4667538237
2475,4,2,33.73873191311659,23,385886.93176000507
1371,3,2,46.114654559725324,14,253244.12622535488
4343,5,3,38.828635812972536,33,668977.1328203278
3648,4,1,47.64301399189088,0,575698.3819167141
2056,4,2,34.379946045962555,10,326821.3844728798
2509,5,3,13.857260295994534,12,411459.6510515912
2766,5,1,19.14282393801419,20,448970.16570786387
4027,1,2,35.75023275095751,17,568820.0298671908
2321,5,2,3.513152337453138,47,409131.1105608114
4725,1,1,34.39788480153112,9,663905.01762135
836,3,3,49.790382838324646,24,121338.91073109266
1446,1,1,23.53529558774047,1,186858.87046487728
1810,1,3,11.972674860271855,6,303762.55916110013
4073,3,1,29.188072290600495,47,562453.6542586483
1342,4,1,22.333196916517633,9,209666.56904376438
3478,5,2,41.83139799592409,12,565655.4492260873
1875,2,2,38.15828412510839,0,255940.8301295386
3258,2,2,13.901110696856867,6,495363.80872249114
1700,1,2,30.194315080018313,16,227239.14139731464
2321,5,3,31.180436507138104,16,389111.53245802614
2602,3,2,24.51185594385859,41,377624.05421373853
4858,2,2,32.81752620279476,34,750019.3326934221
2203,5,2,39.481802193037176,27,332942.91198449675
4821,5,2,41.56752840956699,26,736937.1200282183
2820,1,1,19.320284686956775,35,374808.96318784286
2250,5,3,31.55564961297021,17,329802.8371700039
2379,2,1,30.649253960172913,43,327930.7638813664
1479,5,3,1.159538797038243,24,245135.64369772596
3591,5,2,40.17721687325663,24,529352.3967223653
869,5,1,28.3326192392071,11,146581.10604179098
954,3,1,6.433547482446827,28,144667.39949557275
992,5,3,20.80314510880327,19,171271.14344974625
4533,1,3,39.6597272102478,37,616939.2828079023
1623,1,1,44.675308751608824,24,226792.59437632712
2080,2,3,46.70512739233994,19,303266.03460220515
1011,4,2,42.447054691678225,20,129874.82941394094
3601,5,1,33.72895881535216,16,536968.364103999
780,3,1,16.992046943955952,3,104562.03649999949
1927,5,2,49.95863699201202,31,245395.6760387442
3791,5,3,10.121858632844116,9,606336.9178942366
2890,3,1,40.32233302429859,7,431672.58947346883
2465,1,2,23.78881587037398,27,369408.38811354013
4145,3,2,42.53073210730111,44,566257.1359883402
575,5,3,37.780707579322254,32,122054.45427134375
3921,2,3,4.654086566063914,3,634567.7505611341
4386,3,1,48.325833540638136,14,668214.344883779
2192,2,3,14.645469485647867,18,307569.46118339215
2742,2,3,23.79806828778951,23,392594.98730850796
3757,4,2,33.28551137149907,43,595080.0878864998
1017,3,3,12.387083503704183,22,179343.06369383892
800,4,2,30.62683436280501,41,137013.8925634945
3915,2,1,36.11571555733143,28,535268.0233923285
3866,3,2,16.50911264061488,31,604017.9613783063
2604,4,2,13.928151478490362,8,408482.3917630813
2453,1,1,33.876157332360116,18,355239.9193995164
3861,2,1,12.468038697383154,24,582949.4533162757
1778,5,1,9.472396514600254,0,309800.0450848353
4032,1,2,11.591553336628692,44,572311.7213739173
2427,2,3,46.160227952373006,14,344707.1788435304
3361,5,1,3.5467634330808195,2,570343.4986729748
3119,4,2,43.78156464484135,37,458853.54571467265
4108,5,3,34.54569648657369,4,654277.7403733226
1579,1,2,0.546600491904768,24,213865.13117469125
3581,5,2,39.07641338861318,17,538137.2273569349
561,3,1,7.572446851085728,48,59103.359191449665
2348,1,2,31.498193405700025,28,312860.8526373482
3280,2,3,2.609356026776318,40,489387.3895326398
3754,3,1,33.793698050482405,10,581698.0544525627
638,5,3,12.672995747373575,32,160039.67943818847
4722,2,3,24.289781511666,13,705539.3007809732
2541,2,3,40.16733741983325,44,377734.0527568665
2281,1,3,14.59590673517318,9,350487.8320353053
4103,5,3,19.19855330657353,40,634704.0165133086
3500,3,3,46.7013699998036,44,501606.44571616896
4021,5,3,38.45026023701501,26,611693.6370883669
2206,2,3,38.39202480708007,11,317127.2366420887
790,1,3,20.385195539912395,47,62899.20525929143
3456,4,2,21.441867770429653,43,528022.9325776246
1754,3,2,12.73262484421417,39,276124.49229320674
3579,5,1,39.83219020160219,31,544700.0807040128
4949,2,1,34.000776405130324,4,730642.3353816103
4437,3,1,26.132383137260227,29,650459.7894674842
1499,2,1,31.40598363032609,33,256205.20603095912
4564,5,3,17.706299114891728,30,731915.9598661845
4615,2,2,43.271020366099926,40,659260.8618804085
3330,4,1,7.722237635252606,6,533783.7053289402
3238,3,3,47.815645523405784,14,499566.1127326279
4734,5,1,27.056673424852672,34,718168.0621290376
1002,1,3,44.66502885780715,39,77428.23617716962
3114,4,3,45.52427718836337,21,466163.67777410406
1719,4,3,40.47783239427879,38,234355.5179004292
2114,5,3,14.324252004251543,21,336798.1363269669
1344,2,3,16.96125310359418,2,194310.93998901482
503,2,1,3.742657686163123,8,44611.50723364259
2185,1,2,35.214582544116524,19,339628.5561919538
4780,5,2,26.803886889568844,22,743498.948441187
4319,3,2,37.31002147979953,25,638812.6460733562
1043,4,1,20.974585086392945,41,177204.9778350644
3313,1,1,1.6506251806940402,41,484906.550314748
2255,4,3,3.864933316340336,46,357733.0062882833
4022,1,1,29.554453270777806,40,565602.9156526794
1378,5,2,3.388493055260026,48,239417.98945079523
502,2,3,49.64355371235082,16,29327.27133775614
4716,2,2,23.398796861266305,13,728286.1165719638
1729,2,2,0.7877678924216539,10,299207.62437998067
4193,1,2,3.542944404742792,25,627722.0625860553
4998,4,1,2.678039242538311,45,759991.7460422817
1298,2,2,37.21716214945159,32,187060.6517751142
4886,4,1,6.403498966133965,24,809774.6110998759
2729,5,1,35.55849497930479,15,406680.011664951
2547,4,3,38.1245929290571,9,404098.5453310428
2735,3,2,8.46113709605363,23,428063.40467533236
2980,2,1,42.06660534337186,35,404072.43365564715
3102,4,1,19.01148738851109,32,433259.48188586975
1449,1,3,19.65685289644365,42,188105.9847065071
1945,3,2,38.52775021552445,31,290808.4657201978
852,4,2,24.098896807412082,6,157674.91770686102
4500,2,1,22.93489852501785,18,659343.3988700612
2024,1,2,10.678552530108012,35,261437.06584205158
3665,3,1,24.974850924393387,42,583963.0975232132
3127,4,3,11.879380022156452,12,535637.5676980148
1890,5,1,16.284834542514165,49,272578.0042389107
874,2,2,27.44106002992782,44,105425.83463319713
3830,2,1,37.76492564635583,8,575694.4203950572
4632,5,2,0.5753579449545927,28,757869.3785653366
698,3,2,48.990288806612774,21,83762.77107767713
805,4,1,31.64717360026953,22,96802.2039722944
2860,5,3,48.86727981288907,0,434753.6298077523
4439,1,2,36.72928690271724,0,677042.1812873015
4645,1,1,3.5225509816345495,35,700089.3536832229
4928,2,2,48.59455096470892,11,721430.1904767208
508,4,1,45.40836090765888,9,66991.60118776424
2689,5,2,22.07093237137342,44,422399.2285093471
1076,5,2,4.850247827730334,17,236210.78295538313
993,1,3,30.005279719526882,10,172706.69708170305
4607,5,1,21.0360681698244,7,725472.5513587412
551,1,2,19.875443232927328,2,100464.25335715458
2465,5,3,43.33934095786514,17,375578.7911766033
2258,3,1,5.040605033378221,3,351141.3531144137
2104,4,3,18.708670122948433,33,354036.6879239051
1855,2,1,30.50097129675196,37,260044.36539930475
4677,3,2,29.216257238243315,19,751413.6395372496
3006,4,3,47.1532031909151,25,464233.09523132304
4899,4,2,20.96838128709478,43,717065.6019425757
4926,2,2,5.772048776063686,19,755105.1632020744
3492,5,2,18.096935247874377,22,537461.5898242362
4089,4,3,41.56615610568324,33,610776.2547360354
3168,1,1,5.055883468696509,27,497231.8416351023
3601,2,2,6.15750924587665,43,549300.5990309562
2418,2,2,1.4050263365829672,6,396924.28088733676
3991,4,3,18.570945877987775,45,626564.558231874
804,5,1,47.32545990201328,13,149902.14014675264
3638,4,2,24.164356098953473,6,564416.3422069285
4967,2,2,49.878652282842886,45,664453.3840549546
2202,5,3,26.93072316709914,41,353787.02984163276
4239,4,3,29.80190412684298,43,647639.6560022709
1552,4,1,29.374284093395968,16,236903.91905738477
3504,3,2,45.86364934513558,16,531664.4167286017
3623,5,2,9.087814615571736,49,591894.8080622153
527,4,1,7.748405815878682,49,123358.32130817755
1843,1,2,44.57420171270605,35,247349.2969918006
3921,1,2,1.4663563469831917,10,593670.094956004
2106,1,2,28.903813010689923,31,290506.4409698554
1752,3,2,5.614705955308567,27,287609.6306502883
3905,1,2,18.286619811568123,36,583324.5279790546
1669,1,2,3.4137527817026894,21,249173.8810033338
1768,1,1,35.68421468563992,3,228791.24961384313
3331,1,2,48.32755123804736,42,465591.76556713326
4843,4,1,49.25784797561618,34,715881.1738997152
4553,2,1,40.52914285171688,38,644457.6629814277
3608,3,3,1.5420261646196267,48,579791.7932155278
1771,3,2,27.4688814438075,40,259963.85952195007
2235,2,2,32.71267542032064,7,310590.02722094115
976,5,2,8.319404256787392,5,216353.51466851763
955,1,3,19.978008806900423,11,115627.87278055755
1966,3,1,35.132447572071456,2,292013.8968942954
1856,3,2,6.1511700689762066,12,320448.9336723
4581,1,3,35.1613589366179,7,675865.5720367788
3045,5,2,30.65638212094054,15,463643.4814866487
4911,4,3,31.45200608246523,32,729711.8411294091
4481,2,1,10.809186615105073,32,699140.971486813
518,2,3,41.98161028819872,29,69004.09931879802
4110,3,3,48.24052707088039,18,593896.0922257026
4925,5,3,37.82180468250572,10,758009.7777472435
3018,4,2,11.451364875551958,26,468227.61599571863
1474,1,3,45.65016506789426,26,133764.95192861764
3331,4,1,46.24199236545888,33,488486.18893717276
1216,3,3,10.150364262941185,34,196922.1733403084
2387,1,1,39.828318688870354,33,334311.14547890704
579,4,3,49.1570342135692,19,95848.48877786106
3812,2,1,43.460583256568874,13,543880.2625656767
956,4,3,19.21090561219734,4,173864.91832186648
2493,3,3,35.712951313969405,22,357469.08532821154
4528,1,1,11.73709230543629,12,656028.78838243
4681,3,1,44.66786102090311,27,708698.1598590475
4645,3,1,49.11257278965815,26,698779.6007764426
3020,3,2,15.565721311187268,25,449277.3088577258
3820,3,1,2.791270112645135,28,616566.7859823126
4675,5,3,3.1252578888509435,16,757194.6779436929
3386,2,3,25.425504642636014,12,499359.19078703853
1223,5,3,18.95062532077473,48,209525.82880225917
4325,1,1,21.545379691437148,35,637147.1929735519
1675,2,1,47.85714246001978,28,233452.9444464575
2398,1,3,36.423166908890984,5,345983.9936437965
2231,3,3,28.52127380002036,47,299772.1384681652
3125,1,2,1.5677998101298594,4,481577.623702424
4600,1,2,4.166110292015787,43,688473.8309187586
1293,3,2,13.421258638667322,45,251232.87646324481
3763,3,1,28.599313286585165,44,561260.0107400455
2586,2,1,38.1872962663029,4,405589.4657688824
849,2,3,24.430207696348464,22,157336.78776038365
1404,3,2,15.106101398279119,5,237455.96368980504
3445,2,1,39.63282805084738,40,500046.1581995785
3761,4,2,26.384987006085282,49,550488.5556995817
3119,4,2,6.00201637999104,21,525028.4504541211
2538,2,2,32.31302255318852,19,349631.37505173055
1360,5,3,28.27679616094634,38,227103.81993699196
4538,2,1,7.422660241971306,35,630166.4859996847
979,1,3,11.274338388355945,19,141672.8476810195
977,3,1,33.489368142247756,2,172917.0904617645
3169,4,2,24.679113862037923,14,484600.683257256
3529,2,3,24.391282490886717,19,516385.9974474594
1651,3,1,27.659926003103184,27,254208.19505766866
1645,1,1,6.84899771692771,32,255348.33781616247
614,4,3,25.556340572512998,44,100076.39671298926
1206,4,3,26.294810537135152,28,190613.01911086892
4746,1,1,30.908043085629778,4,685665.7117294531
2619,5,2,39.24159239736875,16,432756.72601230553
1696,1,1,12.132451809025072,12,272261.48582912923
4646,1,2,33.747650527571594,30,671023.5549524622
1703,3,1,7.918447516007679,30,278432.2759166692
2399,1,2,16.541594166527123,15,369255.9606404772
1973,3,1,37.7322556831218,20,291494.0366567887
915,4,2,15.379990905500403,48,132398.48690885823
2149,5,3,17.30468083216208,43,337376.74803280004
4899,3,3,1.705032794955706,27,761658.9838966981
1159,1,2,44.98553373367837,47,127989.01375148619
1379,1,1,20.712251507985865,43,175347.98789146927
2008,1,2,31.707549156569474,34,260460.8352551523
1581,5,3,29.024885551360253,1,262665.26017775136
3170,2,3,32.75494154382978,1,492122.24449777027
4088,3,3,7.60073670087719,35,607950.420703202
795,5,2,49.39633127850608,15,121943.26859251258
3041,2,3,23.923430877207675,5,491283.69917340396
3412,2,1,29.38011010997095,25,447916.64583718026
3330,3,3,8.992159780226164,16,526719.2282885513
2669,4,3,7.597282416319354,20,429633.2605757601
510,3,3,28.549799682392088,11,67274.5464908854
2636,5,2,49.16312059360845,17,395029.77222184924
2077,5,2,39.54618828403643,23,336989.6487681691
4410,5,2,49.144802284611586,41,715586.887872046
4507,1,1,10.673612597103201,20,714902.4499069923
2400,2,2,21.948304760161395,7,370863.14552508545
4165,4,1,49.47290417848959,18,613885.9253613425
1297,1,3,5.382928956663062,6,195838.13620036983
1677,1,1,38.197542927437034,26,231679.17417970477
1006,3,3,29.661257454121106,7,192402.35933475036
1410,4,3,39.00875973908773,17,276448.61339509167
3947,4,3,44.19616183756297,9,612567.9717818289
1209,5,1,49.840682356854124,15,191268.10113631596
3887,3,2,37.669835002413166,42,551195.5910700012
2492,5,1,3.197892618417013,34,453488.0395526533
1666,3,3,27.987354874904145,8,286107.3173223671
1784,1,3,35.46571274596953,44,256237.07613220025
4108,5,2,5.46351190524498,37,656785.2228686406
2283,1,2,40.2736317755184,49,312310.7906024369
3396,3,1,19.253826792536106,18,508362.320699139
4174,2,3,13.339746960697738,5,650080.5866261454
4281,5,1,12.766070070930779,15,653667.5531590692
4043,5,3,14.052696257123491,10,633265.0057441214
3838,1,1,42.818974514278864,28,525519.2887045259
2293,3,3,7.985156286331223,42,341891.18657701794
4431,2,3,11.922622436970151,20,677971.0722115678
2770,4,3,30.634579197466348,44,442093.013144791
3763,2,1,45.836398312786706,4,561521.2919918837
1615,1,3,49.75682918415013,39,220456.71018301646
4205,1,2,36.31213676425433,34,600702.1423821603
4118,5,3,41.178606981362975,4,631444.8403755218
4021,3,2,21.244836855521473,27,581622.2398020731
1977,2,2,21.640465540085046,21,266820.0463177631
4561,2,2,31.110208718219937,49,639012.7876325308
2712,2,2,5.080749882428243,10,401431.84750446095
1376,4,2,10.769228034698198,12,208470.72262680207
1109,2,1,43.037653768890586,25,126483.87161075954
4134,2,2,15.995999391063492,8,612681.6641693428
2667,3,2,16.168170534334237,33,415559.3570208722
3624,3,3,35.448297753620714,45,521972.6027765771
3004,4,1,46.52027840196121,1,442076.0127558128
2774,5,1,6.008610854471319,18,478274.09147201077
3474,1,2,26.920009510226844,40,501857.87644685135
3151,3,1,20.661049373963515,1,491451.99692635116
3897,4,2,11.492423591878625,12,654085.5986505504
1178,2,3,12.452406281035632,35,194943.66877162625
4078,2,1,16.19185981704365,5,581413.0972791224
2802,1,2,9.71578187000381,40,403499.43734539923
795,1,1,32.01810933319432,47,81930.57542095851
4234,4,2,22.90067607238725,37,653322.6723209447
1207,4,3,1.3703413569388296,48,247085.1318184901
4357,1,3,14.291526889382922,33,628155.5624394418
4699,5,2,23.55517259017328,23,733196.5521528313
3595,5,1,42.12545068968954,1,580003.2169589476
2829,1,1,30.650913882536603,20,372941.5499040157
905,1,2,20.39925286045048,5,143321.82860941
3465,2,3,31.13847511360541,32,524075.4894148571
4775,2,3,27.095863260625972,25,740653.8776215735
2064,2,2,5.357022120315558,5,356174.30180720205
4047,1,3,30.569906529169277,27,573483.8043961407
4990,2,1,41.80992901930738,47,706213.2450816164
4156,1,2,45.476398311492034,20,608134.9972539543
958,3,3,15.257479943172527,39,178111.18243143
1485,3,3,22.935625434886795,12,212115.35791953804
3083,1,3,30.02962309542988,33,443299.7205599713
876,2,3,17.49830187007831,5,130146.90658381111
4312,5,1,14.686126597802916,14,679912.628484138
925,2,1,4.216361907007915,28,160416.9953793462
1792,4,2,15.158882014895024,1,306304.7867995892
4256,3,2,21.47602720006251,32,632515.4405044473
3012,4,3,44.444563436111125,0,467400.5522077017
959,3,1,28.759787856691275,23,140359.36774285822
4808,2,1,47.21582351465747,5,687420.8682693086
1695,5,1,18.398778262469854,21,245400.57607169278
1524,4,1,18.582016648729084,21,246254.52161317455
3869,3,2,32.53994687238892,31,595289.1574453224
4830,5,2,19.23306677248737,2,764295.1164005667
3273,4,3,27.6886887499498,29,515794.82405704015
4830,5,1,29.654710148465185,46,730860.0893914778
4630,4,3,15.602553745518586,14,740234.7631214532
2875,4,2,11.659886906369021,8,467506.9142737006
2214,4,1,13.786958000324676,41,362453.6834472024
4829,3,2,25.422483566374172,16,727375.1993612025
3969,1,3,12.7113952661724,4,577696.8725583239
4034,3,1,26.91565557867886,33,601188.6950069804
4563,2,1,46.89859193535894,23,658498.0601209442
2130,4,3,22.831048384822054,4,338632.7364904616
1730,4,2,1.5354480973984945,25,320753.00709016644
606,1,1,10.84460063146695,46,45186.90221689682
3578,3,2,33.626437979815975,12,526124.0838045492
4940,2,3,14.153896466067788,37,776078.4955966006
4059,3,3,42.40513357989436,3,640001.7928125715
2130,2,1,38.537968545513564,39,320218.51026327326
4813,5,2,44.43556352450956,49,735104.5090533152
4534,2,3,9.103123082899996,47,700099.8412931433
2444,1,1,41.001524067279,47,312338.6393329192
4708,5,1,34.01454727441677,10,671755.1504233599
2173,4,2,46.80337167601236,15,375043.88291065645
864,5,2,29.987480130073326,27,162003.6037010488
1061,2,2,29.342313376985945,42,175743.4047144641
4348,3,3,47.59123950320827,5,677228.7965964874
4046,5,2,1.5287498230854735,38,649102.9153261028
1106,3,3,47.280392671301335,38,122786.54039326301
2729,4,2,13.254500625107054,15,399244.9464212063
2276,1,2,4.712711843932189,31,335431.1921481962
3555,4,1,47.60031177749665,42,513860.8875292811
3659,1,1,32.005011891298736,3,574106.7126763464
2038,5,1,26.19944964285197,28,343960.1689143998
3345,3,1,23.219773337720998,7,508629.6259608812
3590,1,3,15.049759796379888,45,497615.71821144136
3031,3,3,44.168101874747826,31,482786.4024303984
1781,3,3,17.79175383776968,26,271905.659286354
3998,3,1,37.11430863620122,20,609641.9677006449
862,1,1,22.069924620199316,7,125324.4274134884
4760,2,1,48.330406010290176,31,652398.8118972513
3551,5,2,17.17015405183153,17,548339.024014989
1610,3,1,33.388124767460994,30,219696.45139668745
4355,1,2,29.36098523097456,6,641653.9585705842
3722,5,1,34.9877636652657,2,590143.1755672761
3671,5,1,36.309950222903076,39,543772.8889124038
1250,5,1,6.149348296760286,30,191684.53490429523
1487,5,1,27.880013596712807,42,213611.3620426606
2537,5,3,26.21931041052813,38,382818.37030889513
2104,4,1,5.988893853447212,31,326608.9671197508
2747,2,2,24.249760168775943,43,354390.01030454703
4825,5,2,13.958739124351515,26,761587.7858668668
2564,5,2,0.5547621917518766,14,458099.4763838655
1044,2,2,11.572973806002423,17,150471.4333318974
4685,4,3,10.725825060350928,47,726050.3565511728
2929,4,3,25.525193861215794,34,436999.1934241709
4962,5,1,2.448381648960215,43,777835.8143104623
2377,4,3,2.1423633267950755,49,395595.9415428667
3812,1,3,32.78270807937386,36,541179.7921808677
1395,4,2,49.10386439420142,48,181205.56580691462
4855,2,3,47.26464763110476,1,692345.5219450543
4208,3,1,12.583793659576543,38,620774.5430021409
4535,1,1,6.089241684721289,19,672355.0947958761
1252,3,1,49.45569810251455,8,191017.70961380805
2285,5,3,32.68482884929818,35,333977.8461085528
3178,2,3,42.588434237049704,3,444915.7131588091
4607,5,3,18.031914170323848,44,702894.3403711816
1215,3,1,0.5359577327055975,36,196302.85213981778
613,5,2,4.770250245619172,28,127599.96721540343
1782,4,2,1.2122700606463908,8,292425.38748936175
3854,3,3,30.21936408128183,1,635963.5576528945
4437,3,2,17.740645124408317,25,681696.1196282754
2134,3,3,17.528792823533088,22,381579.07464164426
3700,3,2,8.52064776615507,1,592546.1065299202
1564,2,3,28.635162776565576,24,247756.20455725546
712,1,3,23.54205273261772,25,115081.87544571572
4194,1,2,11.293562047585917,23,620799.6239533835
807,3,2,46.822151339339776,20,84842.08763601648
2482,1,3,10.08609260297689,21,372415.122420653
4930,5,1,47.576709679879066,25,719545.7605542322
3514,2,1,13.479832492513516,27,523359.60831891664
1079,5,1,32.5830947252438,35,169718.1916079075
551,4,2,1.757325064370576,36,121438.64828216181
4818,3,3,4.2256710767216665,44,705636.8114742122
3542,3,3,20.8787420751808,5,539406.4571274021
4828,5,2,14.577161524273203,40,753396.6055071284
2187,1,3,6.296329095274066,41,315419.33276508166
640,1,1,19.344602979364325,35,44948.2470108998
3181,5,1,30.221238141348383,18,507333.6252340238
2104,5,3,11.306375149449277,8,373358.3521282177
2529,5,3,10.041522918683714,8,418942.695559367
4249,5,3,7.560147238813273,13,668130.3830596776
673,1,1,13.857992940062028,13,94322.68932003116
4300,5,3,28.95357698369067,9,689916.9785336236
1253,5,2,31.27111599143766,24,221138.18070685954
955,4,1,9.440783344385284,16,194132.84222149124
4338,1,3,31.091460452399225,13,624990.8946706979
3261,3,2,44.955318863986456,25,464328.5997215767
2968,2,2,21.651457789209267,43,431862.28199821216
3623,5,2,5.102114891208832,9,589544.8740782511
1658,5,2,42.81645498709753,19,230708.89640452602
2457,5,3,41.616512182846364,14,379491.2064437552
4139,2,1,35.31206450588641,40,548540.7229253128
3207,2,3,10.472710701732629,4,472883.31408076966
2290,4,3,43.109482291421244,11,360278.7344522164
1467,3,3,34.74767463177779,21,242308.88546385695
4821,3,2,7.229038343348745,3,732068.8159707427
924,5,2,10.514253997925085,5,171068.85915781325
3929,1,2,36.834246137709414,27,565632.9026803533
4589,3,2,38.26871523218742,21,670876.6074423196
717,1,2,6.893681760754595,28,114080.9519596916
4406,1,3,39.283591464498976,39,650579.0347287451
1506,4,2,32.839086219017,23,209236.74653077687
3181,2,1,11.566612827648758,3,490511.4521384626
4367,5,3,29.6836470054731,41,701745.4579257355
1348,5,1,6.4934026442023285,40,222301.46209645754
1676,2,3,1.1485882284195885,3,289720.215441878
567,2,2,0.6275490189620199,19,97886.36837519548
764,3,2,9.05704577862692,22,133122.84995574589
4995,3,1,2.9623762464278847,37,783541.09483814
4167,1,1,23.394569499178722,3,585018.1192702239
1471,5,2,48.71333959635531,23,274936.66135989956
4007,3,2,49.52270707872659,38,562063.869366062
4583,3,1,22.467366215515938,27,656153.8170012818
534,1,3,30.030122079647036,37,78980.60954159599
644,4,2,3.2992735256332857,12,155140.3462948575
1016,4,2,11.69744551458801,22,183462.9514091981
2588,3,2,41.59513621870755,10,341589.06287536456
4921,2,2,16.343866628565262,41,757680.5765740031
2038,2,2,33.715838394435,27,309368.5370104457
4166,3,2,46.091692784186165,38,563583.8391964419
2616,4,1,2.1107194208868507,2,436030.1774060751
1396,5,3,22.55073409391494,13,258466.58664723157
2741,3,2,48.47087146186955,41,367159.34994624316
4632,1,1,30.904044416081636,17,664772.1778876611
2031,4,2,18.766497154819117,1,342325.321798804
3661,3,3,34.990890677932235,19,541573.9611925334
2405,2,1,14.054495027735312,23,359036.77756605326
3045,2,3,40.41825507994871,15,456019.92732637154
2985,2,1,18.139071537504606,15,472313.31632927794
1036,2,2,44.88395218373294,23,109782.02919131255
592,2,2,10.375503698253207,24,129141.56118668379
4408,4,1,41.03850648400643,41,648496.2348758455
2080,4,3,44.541010576265066,42,284101.2529516979
728,2,2,18.241027290514356,21,81222.95571536594
1190,2,1,33.18629410173516,34,133010.09413693397
4601,5,1,29.30155896309759,14,737270.3996697783
1681,2,3,16.446208264411364,16,299788.3483545463
2872,2,2,44.96983246653971,34,378213.0859812327
4872,4,1,36.007277945692095,45,701363.9164854912
2065,4,2,12.870350858115367,7,309658.079745246
4868,4,1,4.836749620648958,27,738378.2089505529
3781,4,3,42.441281358090976,2,598565.4367142554
2063,1,2,24.2188794021182,30,303038.4411418006
3826,5,3,42.334801012488064,40,551017.5392361206
1138,5,1,5.808142438689743,25,232516.95136343173
1277,3,3,30.309439617315764,21,224642.74636110078
1148,1,2,28.107755435747833,26,132040.62230433326
4270,4,2,30.61222704050461,11,666468.5854791962
