Feature1,Feature2,TrueCluster
4.942514301467135,1.2188938339213742,1
2.504166296582667,4.708716353298875,4
-8.216120612592608,6.184689797717934,3
4.848261644175654,-0.06856518448355864,1
-6.299994017937695,-6.55431327669378,2
6.486515832275767,0.9030849176145794,1
2.5579494283443793,3.66962605223077,1
-10.614562989534331,7.732175726979374,3
-2.2516472323299856,8.939840212432154,0
-8.226753480680966,-7.851723631786598,2
4.398642778371771,2.325225080455029,1
4.863792970292763,3.337310113914576,1
-8.122946441194767,8.041708641206638,3
1.9886876701604626,4.616192468062043,4
-6.81515277634115,-8.855576159629818,2
4.600323682371446,2.6546703813133563,1
2.891454827361072,3.7059120298970383,4
4.677882314396301,2.0932010106589933,1
-2.773854456290706,11.73445529478794,0
-4.115643943310323,9.217749764065545,0
-8.346308908643211,6.797488072831123,3
-7.805781552294353,8.450228052326286,3
-4.028567589006764,8.530052055332071,0
5.671723375696736,0.48760931090376003,1
-3.5220287433871738,9.328533460793595,0
-8.631060427237067,7.392867252534954,3
-5.207054804313566,-6.461090583909901,2
-3.109836312971555,8.722592378405045,0
2.2863203161978456,5.433805056027676,4
-6.906931730661202,-7.813377552349142,2
-2.6609827180883334,9.602603334682899,0
2.372100259432083,3.1573969590788984,4
-8.805530761224423,6.565027580798634,3
5.748061652965617,0.9332637568152011,1
-2.778604457497308,9.731828383994284,0
-2.5171702643693674,10.494230267088348,0
-8.669673084669283,7.765463565068112,3
-10.704867707996627,8.331036605335626,3
2.861158587323823,3.4692139954299153,1
-2.2194227661563373,11.089686926843761,0
1.7226235868573885,4.111246938879164,4
-8.857036513081908,6.935004462409817,3
3.0468851026964323,2.413644421901131,1
2.0658149035076416,4.7195910704394155,4
-6.612500540139787,-6.371384570046013,2
-6.809575028038089,-5.718231290667756,2
-8.838120691717814,7.314222594360089,3
-6.86927457130789,-8.191945825626107,2
0.6446827341099384,3.5966775517499667,4
-11.442541613263145,7.522471062295198,3
-7.834749770500623,-6.456510527682486,2
-5.6792132832068445,-7.537003872247342,2
-3.085968953621083,9.769677354024077,0
-10.33485701172609,6.673498981091805,3
-2.2851051412423335,9.026878528980117,0
4.835724091325783,0.9947969063257,1
1.2222616704665292,4.097926981305553,4
2.3261188304690514,4.883014061047052,4
-7.757609777907831,-7.706989947315806,2
-0.8642299095514665,8.765250088641944,0
0.8916848999266493,4.784162779821178,4
-7.052573251074693,-5.168401113133603,2
-5.88131629300331,-7.311729905993995,2
4.62024103730142,2.5256596383578795,1
5.069497055360687,2.1808573711038433,1
0.4911927323084535,4.675706311938744,4
4.449196435464755,2.190602557120455,1
-7.556683961632242,7.881213976223828,3
-6.07968528920922,-8.496420201712535,2
-2.9841429342137062,8.360956895624609,0
4.276266624014245,1.9162240602196645,1
4.278912670409022,3.13249948730498,1
-9.487700794957437,8.644826947771715,3
4.9257442269530065,2.307626473927757,1
-7.806980325341844,-6.641740610541161,2
4.602244133803253,3.0764715659572532,1
0.3828160723387415,3.768980449860036,4
-1.9326406599969839,9.325536282741858,0
4.60489034573114,3.743970319576242,1
1.792500604288982,3.310045121660595,4
3.761151586717507,3.8402087898029973,4
-5.996517414004111,-6.957946790288749,2
-3.101591547291619,8.150295358518505,0
-1.3460338708977906,9.024519189217909,0
-3.9077651968718916,9.577255364888892,0
-3.3314180186191815,9.257973339690233,0
-0.06472678373789309,3.5768338252637095,4
3.5293029907622726,3.7254401273643545,1
4.2053826087957855,1.6639975604720927,1
4.658312769293494,2.320751389302403,1
4.911457673423475,0.6964211081204226,1
-1.3510867495526824,9.805948822161257,0
-3.3559913411211553,7.499438903512457,0
-6.541143347689579,-7.175511003414976,2
-2.5439093927579934,7.845608090578789,0
-10.436452108519758,7.785695581580646,3
-1.9383071123595832,10.14985176837892,0
-6.638874011662701,-4.278426479095552,2
-9.0064715752208,6.851432337801576,3
-10.077434832289912,5.855997649746263,3
3.240259387169734,3.6482551914075128,4
-0.9231808069073981,7.776470629371472,0
-4.576639723092627,8.925166088685533,0
-3.4838792932800717,9.801370731940773,0
2.9193664317513077,5.436326597199631,4
-3.0396987706632776,8.438467887553642,0
-0.37616424839648355,7.062198328675819,0
-10.35620150331682,6.966493714692094,3
-7.258754932138757,-7.083689953378308,2
1.4183196088949461,3.9319029005605617,4
-3.155770507295277,7.932738124583927,0
2.522164358604547,2.7621453811189673,4
4.565445407128055,2.59384178149141,1
-6.586069258984641,-8.236691397899351,2
6.060383084217956,1.4024233901912557,1
2.6210946244260858,4.82979204463899,4
5.689431551547436,1.4379344723801641,1
-2.2325068237227312,9.841469377234345,0
1.4164394141052823,5.880829462128205,4
-8.843923775465058,7.992264571091216,3
-7.485242730888134,-5.05409987972901,2
3.018870745443623,3.694956176692711,4
-8.301437857893113,-5.37877594132046,2
5.662449268237742,4.412922090280005,1
6.086856720581834,2.1697244604523065,1
5.234633177893388,2.82658524272104,1
4.623455940155349,3.161562957388816,1
-6.340871198704901,-7.8007831863553125,2
-2.9726153158652124,8.548556374628065,0
-2.45098890460675,7.871315830367698,0
-7.523177023468732,-5.850148775694786,2
2.167188067961067,4.185354599205865,4
-8.715832564254567,-6.372118266363403,2
-10.974001970614706,10.461271449158698,3
-7.947944593116224,7.898727931605269,3
1.8208087009166576,4.154930240691451,4
-10.09072120104913,7.687154798123671,3
4.0385111922768875,2.292951618083269,1
-3.186119623358709,9.62596241703919,0
2.6738222262036815,3.0237658854960925,4
1.4869651478479526,4.519905174130529,4
6.140638626862412,2.8233914260542248,1
-6.746086286368988,-7.03257942965649,2
2.4091087555533783,5.252431981106875,4
3.5171568146658028,2.3555794301247825,1
6.039234272814103,2.897803366853501,1
5.367508379865082,2.0251155697480314,1
-2.409546257965109,8.510810474082122,0
4.094959749419152,2.372305798292803,1
-2.4907792438631984,10.690723440473604,0
3.912741660403233,1.7256510483892273,1
-5.929319599177695,-5.169496220694022,2
-7.202307029993406,-7.130942609730994,2
-3.987783868832592,10.15804017140525,0
-9.314548630180669,8.19791209621143,3
-9.382441758750202,7.160730009426409,3
-8.113231969788012,7.839701202613662,3
-8.172403504581549,7.745109526113159,3
4.895908570541977,2.955860667886246,1
-1.7181656760097033,8.104898673403582,0
2.573776510103699,4.502040772321406,4
-3.7094940301085266,8.679784892357373,0
-9.982053963956671,7.432082621275226,3
3.672902693098888,1.925458327798752,1
-2.4449176039572875,7.936541350269016,0
-2.7173198734100255,8.521285193539489,0
-9.052296737165307,-6.032687916125525,2
3.043683530293574,6.249894328790834,4
-6.44268902140492,-5.689463318489605,2
-9.649185267846349,6.065945056584087,3
-8.837799797779413,7.924729664427818,3
-7.598034456720468,-5.985185216331505,2
-7.41557962053607,8.249738317740295,3
4.395722200937453,2.937256852229089,1
-1.7975827449638604,7.889644036360452,0
-9.106858404541843,6.432330690083416,3
-2.030217797306358,9.347948233485269,0
4.722162825503526,3.038650059006083,1
-2.7790725583461215,8.035522412416015,0
-6.711166214881656,-5.562512057667987,2
4.009361346563617,3.6304806581089446,4
4.830977904248004,2.019606232096881,1
4.193695403013321,0.08362895299520101,1
-8.736471461374023,8.87254306699389,3
-7.66452550423351,-6.231829159432087,2
4.590415126575668,2.6479891761073358,1
-2.1768836110731584,8.265799591641768,0
-9.949785713573043,7.570027693930708,3
-6.388652239513019,-6.145231807226129,2
-9.302732018945399,7.7855838087506,3
1.5193254643128324,4.424938771251968,4
-7.614218767949319,-7.690362030290328,2
-6.450810690820697,-6.187003986012803,2
-9.001482090159865,-7.487931580370379,2
1.0857938600745798,3.4936719994520224,4
-2.9698363940125376,10.071408354417237,0
-6.645841279360522,-8.436005239479574,2
-2.503953923334567,9.061266721963063,0
3.5764606555789498,5.015427532473133,4
-9.95485219658467,8.559334535505641,3
3.146653594734678,3.827374324940968,4
-5.3661774479091395,-6.249297908721169,2
-6.687578074661238,-7.189226057478448,2
-6.137531819141963,-6.5808170128694545,2
6.375842639393351,2.17108046740338,1
-8.139499336433476,7.744495859888093,3
-2.530099217016898,9.131613511507103,0
-8.405283505721364,-5.617525489848765,2
-0.19453905637924152,7.147020935606573,0
6.488834931173447,3.0997347134884894,1
-8.486879549094427,8.393673153815131,3
-2.6704833347187593,9.41833698501286,0
-6.7386059674694945,7.076497214752706,3
1.259014130685594,4.199389391368511,4
2.946922022032716,1.8748300571459822,1
-2.238740797272911,8.964048018749185,0
-1.593795505350676,9.343037237858006,0
7.166811262101723,1.4423009110204115,1
-6.679057993920328,-5.731472243847231,2
-7.547717644794319,-5.888067243739424,2
-7.502276552885722,-6.685502138038704,2
6.3674220063288125,2.409493353614764,1
-9.450765131276448,7.685026440704805,3
2.350121407707261,5.085721695458739,4
-8.815861863823963,7.870642030673913,3
-7.596449511754075,-8.746646210349006,2
1.5855359976259582,2.5548744551822296,4
-7.174576869443298,-5.632367520602212,2
4.961236051678375,2.395090438176017,1
-7.528904736217277,-8.104049860038202,2
5.294244492582159,1.917585013030277,1
-3.9572819645500745,7.606822353821766,0
-7.644218353588638,6.342357384359022,3
-9.738948491283878,7.961914841107086,3
6.728253541008829,1.8335800557855582,1
-7.214402523257811,-7.283758056517943,2
-9.291576165659023,8.775990449969449,3
-0.9580456475302273,9.12996076249118,0
-9.400495783214312,7.114301041754175,3
-6.685242889573934,-7.233275886086635,2
-5.152663339917865,-7.279745778890549,2
4.084679309534903,3.854326753381322,1
-2.9685585225929945,8.16444175873353,0
-3.282986822156323,7.769631424886905,0
-9.166946232384994,7.9267103465810465,3
-5.264251501681828,-7.202430062487286,2
-9.035666176943337,7.172249631845191,3
5.829349325152742,0.7455618688037395,1
4.695603748516796,3.0673612024116803,1
-7.523145421531413,-5.95226946519471,2
-4.059861054118883,9.08284910300435,0
-7.8509932400469085,7.247571891856181,3
-6.56045268073209,-5.539659147252802,2
0.9371497083063776,3.3360410259419537,4
1.1269539125011514,3.7533507167606883,4
1.635169585074661,4.116040337988671,4
4.772848510374978,1.273048869001559,1
-6.580874282785584,-7.6319006433711305,2
-2.147802017544336,10.55232269466429,0
3.6640055832507685,3.0268114805485715,1
1.4727430989555956,5.021039442900711,4
3.8494043807827896,2.4446380410767277,1
-7.221115181667386,7.427878853021916,3
-6.366521392975187,-7.139656270859864,2
3.1143536653033626,1.2812616140594875,1
-8.648621589025614,6.661540737702094,3
-7.118559290320964,-7.246934005090634,2
4.115358569948327,2.46254424516865,1
-2.6248459054409907,8.713182432609033,0
-2.151410262704467,9.575070654566556,0
-5.8555646653398075,-6.287582644074764,2
-7.999387256166398,6.70626972895178,3
-10.564134485426607,6.645958263163048,3
-6.900994485499706,-7.62732127242377,2
-10.44598878375407,7.508263494394428,3
1.7434168407134192,5.006609527105231,4
-10.439231735112525,6.495025890718457,3
3.3883394120376575,3.4169342880139917,1
-9.514035835797623,7.3576753329867275,3
-5.803620052552672,-6.858797944604005,2
5.253396808958518,0.9503771187423264,1
-7.873476123538553,8.939105739046935,3
-7.818962584970024,-7.024197148997562,2
-6.719053210101405,-6.877063573122532,2
-2.7545857390556208,8.260549963840832,0
4.000917088538599,0.6500798905332337,1
-1.0679243339866347,7.578423977018883,0
5.079893286281433,1.4711154595881208,1
-6.216745922483858,-5.706635735790622,2
-7.799215969215742,7.247758628963243,3
-5.750464963121823,7.989898486864032,0
1.6909918516808529,3.5492148214131585,4
-8.15811165118556,8.516030427976679,3
0.7765828584177912,4.216385666920758,4
-8.30382210815546,8.21117834137254,3
4.8197729873815796,3.3651719702853313,1
-7.064914850028979,-7.009930293009373,2
-9.385007841223276,7.05186780517265,3
-2.3360166972015683,9.399603507927159,0
1.0703817748419402,4.238932074439772,4
2.504549187544833,2.923789133593611,4
5.563905855435002,1.788267547497743,1
-5.960550708163502,-7.170384137464598,2
-1.031303578311234,8.496015909924674,0
-8.401589204902502,7.727817670460401,3
-8.778395126369682,7.600899853456895,3
4.3321006012751,2.192320011604671,1
-9.166222473148927,7.4787135993576825,3
-10.019140571944856,8.437844610167575,3
-5.582632644590161,-6.902977655574829,2
4.19437631482733,3.4265541610584327,1
3.558822295819839,3.0263225372736358,1
-6.368424591626289,-5.506451048112989,2
4.575740489635109,2.3019320942442123,1
4.592958257348918,2.4502105111638537,1
-8.994225934572677,6.775235619008102,3
5.199669284159141,3.0539504094953536,1
-3.9245683651031644,8.593640805432962,0
-4.722318977885767,-7.485824516279285,2
5.789152162513777,1.2699932588148446,1
-3.1610337308549092,9.061684799514735,0
6.32380652768597,1.514285421071792,1
-7.017075705778962,-5.927235046073008,2
4.156692373928728,3.5471564472307646,1
-6.556547918035241,-7.132463095402234,2
1.5291774124644038,5.605083559389723,4
4.193445221677573,2.1672596768390395,1
3.4141131732257604,0.5087948037309118,1
-8.81744126834005,7.554223821217387,3
1.008404282571638,4.247138717324268,4
-7.752541431696663,7.421506068969599,3
-7.443874789808659,-6.6955582900789095,2
-1.4781981005567992,9.94556624731452,0
-8.92176572642637,5.873877695800173,3
4.382502298804757,0.30458561006314255,1
-9.346467954283321,7.175742596681232,3
-5.788317070557001,-6.270971472368769,2
1.9691795818466302,5.385020438339536,4
-6.193984409618976,5.82055258710355,3
1.384992487835381,4.6198382594723935,4
2.9544917991245603,3.924896268701963,4
-2.267235351486716,7.101005883540523,0
1.4144249741883579,3.6223288527719304,4
-9.245364069562791,8.009841372455403,3
-0.5444724901363609,9.04954968017005,0
-5.693923036488274,-6.16115628261088,2
-7.815065893195865,-5.794127477100915,2
0.7657933405849193,4.974656742668886,4
-3.571501336778855,9.487878558833502,0
-8.380554890484124,8.998015348846241,3
6.28189399636447,2.982986773283366,1
1.4740314399390986,4.994785467701216,4
-4.818123614514873,-5.671743362682804,2
-3.038957826819789,9.527553561311677,0
-8.936915888920272,7.342372538443551,3
-5.386938622191749,-7.1512331943185155,2
-1.895030923009325,9.771793838245626,0
-3.8136671235576034,9.68395867702836,0
-6.019153702791525,-7.463187031844885,2
-6.861887172120525,5.759281303787652,3
-7.345663693019512,-8.474812660542742,2
-2.8244668676930957,9.773255348691588,0
2.973749511922262,3.7949445355528573,4
3.055976012742378,2.7335843400850295,1
-6.766356780613505,-8.318387571593313,2
-8.442173048037812,-7.409162270622241,2
5.556206510930583,2.319658159838725,1
-3.5768180524353443,8.871906643177027,0
-7.533987513757857,5.661030927463029,3
5.282601596095645,3.3023222140731634,1
3.651287729077184,0.8695803667249611,1
-7.128318317334817,-5.272764017255954,2
-1.9223405292524798,11.2047417540083,0
5.846387802736459,1.156234012953496,1
-6.907142096201906,-5.107857996606203,2
2.880751351520841,3.926830985963495,4
-8.358538759925398,-6.696749673496791,2
-6.7031856358740445,-7.247137432359269,2
-9.001394720579775,6.578620270692254,3
4.472760755911247,2.1198833703740547,1
-6.292933389675995,-7.355013249898471,2
4.080956988956513,2.350381559005253,1
-0.35601516554119383,8.246938565310272,0
2.430907542565943,3.853643084782025,4
5.021814288459654,2.4032113311318017,1
-2.186479062714661,8.187055184645999,0
3.885914247361425,1.692494607073958,1
-1.3506020440453461,8.19360380984661,0
2.163557374951639,2.0308850761137083,4
2.5657796135342688,4.3612619896396225,4
-6.126285570046738,-6.498951208393169,2
-5.337517238583395,-4.874016705116824,2
-1.679792041869261,6.803150819190437,0
2.705629227675245,3.9521377363415473,4
-4.534340209710358,9.20074044296775,0
-5.966042564918021,-7.683288543956292,2
1.1330594066358515,5.116752114158662,4
1.827602938747494,4.0972633788124115,4
-2.7268788262799704,10.11306298018551,0
-2.528213830955439,8.011756763560513,0
5.361550900271337,0.8441179127235028,1
2.790507451495913,4.3768480613771965,4
2.89834702739397,5.634122231671891,4
1.7661204823687955,3.91995411005013,4
-7.105812757150918,9.554823061691335,3
-6.855407734478512,-5.467889037860518,2
1.948352669255783,3.709792079761286,4
-7.418724752122373,6.723099349759998,3
2.098255502780263,4.904133974280631,4
1.9551219448148205,3.445691566810157,4
-6.894937040324265,-6.300818093674859,2
2.060538229824204,2.712860141287365,4
1.8455260717483934,2.6128332570571624,4
-7.57261991577131,6.457348067284203,3
0.8190993794750312,3.119407143677806,4
4.718514026544192,-0.02503100059137564,1
-9.014182161068081,8.98499308122672,3
-1.68713746305826,10.911079110852269,0
5.834925465152944,0.4499827791569573,1
-3.4741210836328547,9.70033758819676,0
-8.399852017826284,7.343139573192693,3
4.982604182605805,2.429922903094516,1
1.28812643608568,4.2434471123344695,4
-5.793731625319692,-6.405411360395994,2
1.0137455507879676,2.19882586424833,4
0.11449267698678467,3.301066545141407,4
-8.608256997444608,7.821266004590098,3
-9.911070782375816,7.5627697796098525,3
-1.9941623558440904,9.52807207911053,0
-9.484555066479814,9.098833808108216,3
-1.93212549587221,8.811240742155329,0
2.389949527855597,2.061425048269285,4
-6.5123398777499295,-5.0419259164808246,2
-9.928726834078857,8.734455295244974,3
-9.072347615742991,7.789881289945038,3
3.60041829242636,5.146901241536128,4
4.1001191559187395,1.1948649585384192,1
-4.212580062407905,8.958738429301702,0
-9.560065309973263,7.500343787638101,3
-7.942020719298149,-6.451802496068298,2
4.380287484864496,0.4700267308226258,1
1.9908610644893991,3.313022921730094,4
5.347630771683577,1.4107029080464644,1
-5.201926377074829,-7.433697834983941,2
-5.408456863657662,-7.089433270427813,2
2.437165735226086,4.624740086039015,4
4.653808128141048,1.9490445968307286,1
-3.4076122944011082,9.506205299704828,0
0.6539851960313652,6.148727555151717,4
-6.207053489948539,-4.980227658380731,2
4.489823249195575,2.0987461374122742,1
-3.3987120526782735,8.198475843232883,0
-8.044839036083797,5.574990942260523,3
3.2531747480189104,5.846465834629418,4
-9.929294186851209,6.912708627544118,3
-6.612234877079367,-6.558411787079933,2
0.9897763313366361,4.5593786058677175,4
-2.9945611708818536,9.096160267584644,0
-6.7387409442400665,-8.648548958838798,2
-9.465044981225976,8.185916387881463,3
-7.649414385161368,8.031826762699767,3
1.572287376868362,5.418600772783481,4
-6.885698102691164,-6.041618818824305,2
-7.49302985469221,-7.182579279764075,2
4.614324765236656,3.1458987032000967,1
-1.0580540152577085,9.973556954283529,0
1.73485271546382,4.448780460323918,4
-8.51158299203369,7.623997275109532,3
4.6067518633543045,3.7677275474585197,1
3.0832969375683503,1.5450545229748194,1
-2.7326604083786012,9.728286622290414,0
-3.494923669388294,9.518332643716166,0
-10.184198680109226,6.504265055777205,3
1.9268359877751027,2.385205222454457,4
4.557727657835533,3.0904655155288596,1
-8.340106008139225,8.46367195401997,3
-2.412201658060032,9.609443153635235,0
-1.9621002418827123,8.812093475764428,0
-9.867699264818082,5.970852629655169,3
-10.262284909086155,7.056870586264289,3
1.9417004855674147,3.32839549892015,4
2.20613475118668,6.854485219901406,4
-1.3079837008888053,8.60621075517677,0
-7.602545564813856,6.252469235849654,3
2.9474142065132822,3.502720003401346,1
3.976457668614462,3.6557048516589723,4
-9.068728470841778,6.399289771230399,3
-2.9592630945319938,9.63713606054582,0
6.521903332703135,3.3185897300957095,1
-3.189222344631241,9.246539825359324,0
-2.216125149754069,8.299934710171954,0
-8.893221757252297,7.60907699035636,3
-6.008329893694026,-8.226089273522696,2
-6.201701319812001,-7.368021001421649,2
1.3869378460385464,2.9717848968305476,4
-8.179082088203605,8.261093053125261,3
5.578162642204099,1.457124955723358,1
2.5954280481053758,2.3755850639867977,4
4.187572516979024,-0.45070964268822467,1
1.9698957842867062,5.8655570721764,4
3.0696179414856237,5.331041548348683,4
-7.171438460066814,-8.443300401972603,2
1.5350973136692485,3.8095302381044,4
0.9326671975217873,3.3766896477932056,4
-2.4098653176235243,9.76567325157011,0
-10.817627567011797,8.071433171616237,3
-8.965876877013544,8.83467784574605,3
-6.479939239398629,-7.531466487067775,2
2.3179247236112706,2.6448090065001177,4
3.722257609440556,5.232994708155795,4
-3.282022837590322,8.777467521458313,0
-3.393055059253883,9.168011234143849,0
-7.125689679281218,-7.723356188592138,2
2.3165243638776696,3.9270437556045867,4
-7.445862456571682,7.07347640089975,3
-2.2494751213312685,8.109969503093913,0
-1.5830200755211088,10.923702768668452,0
-2.2493148288043265,9.796108999975631,0
-3.0985623799969617,9.863888225219346,0
-2.4226078355798504,8.858608892806242,0
-1.8638216734676027,10.38291768573067,0
2.586906160757776,3.141787217228793,4
-1.2037188158984211,9.03528996983108,0
-10.808431574347846,8.216120253798012,3
6.116419185953998,3.3532610380881835,1
-7.257787070067637,6.3084287236708345,3
-1.5587737848667,8.43738247253592,0
-7.1888362682011335,-7.632265998866529,2
2.371950282163869,2.5966487845588535,4
4.550143141940874,3.413286899390205,1
3.927033053550937,2.079599911632629,1
-7.588033958061732,-8.393823985888774,2
1.3644656810120386,5.015976782987525,4
-3.6601912004750528,9.389984146543993,0
-2.170701215558336,8.59899821429752,0
5.509946566916856,2.4688515719133366,1
2.3188757800049373,4.624636351188494,4
-3.746148333930832,7.693829515114045,0
-2.1655793334842888,7.251245972835587,0
2.891456299253449,5.048742393187651,4
-7.414955377105192,-6.970642875580108,2
4.4530071920667424,1.533438625666557,1
-7.437118976159104,-8.249912572855024,2
-8.246505889566691,-7.10487499516863,2
-7.77811784913713,10.08318295440978,3
5.338102149841691,2.3666550693624817,1
-8.398826526015784,8.102459419010817,3
-7.778391372589389,7.9405288650754,3
-5.577885901752472,-5.318598396549094,2
2.7043523005767955,5.648697711256836,4
1.5661794073899875,4.34287817603488,4
4.76798325113889,1.2921180264658512,1
-8.216755866779959,6.95391257945507,3
-4.995040885216661,-5.336866065003758,2
1.4299442792121222,4.284999251876491,4
-8.118569814487829,6.0302499576275395,3
-1.6837812740647204,9.82779576419896,0
-6.341331112101637,-5.807602255966144,2
-7.054586947846679,-7.635854752768791,2
5.232980094196485,1.6636232446267418,1
3.222379191291037,3.669549108414704,4
2.12036777440312,5.457323337783923,4
-8.831264598007834,6.663201776025256,3
2.432063030823673,3.300363645747338,4
-7.103093173523122,-7.229426389394144,2
1.9734030513900702,2.756261709117334,4
-6.157245833323499,-7.252942745367713,2
-7.73736812163744,9.281870369719297,3
5.252652741290671,0.9197541207670759,1
-5.930073055709946,-8.36500756172585,2
1.9889090278350894,3.0646765358631938,1
-7.362370713333302,-7.833438201534659,2
-1.7522090064073983,8.092120804020697,0
-8.94562990064024,7.771239841308981,3
-8.797408581240289,6.321335459717231,3
2.5746001725436987,4.7870824895669095,4
-3.6155325970587784,7.818079504117651,0
5.895634961801623,1.0785623817212282,1
1.1746663062450908,3.5093626673278484,4
-8.18787766409987,5.820442613738885,3
-6.394894373856795,-7.72646624826682,2
-3.2395642547698866,9.230744717780297,0
-2.953490883128862,9.391586621243174,0
1.4422469934941327,4.400856056456286,4
4.716700727288357,0.6901774597521624,1
-9.158175279890854,7.475280907747443,3
-7.7209289407335495,8.77202214539163,3
2.754792337643978,4.450175218745932,4
4.1171558157090615,3.0221789097776215,1
-9.308369904395512,7.5894011451507515,3
-7.92653817383321,-6.343456840748661,2
-0.62301172184222,9.18886394103016,0
-9.242559626693108,-7.889840297985884,2
-8.013229491968376,6.456392699787803,3
-9.668772163192575,7.84603702076446,3
-3.5800901211138623,9.496758543441507,0
4.8836795499993,1.4090910532040035,1
-9.097123819303112,8.92217008600342,3
2.3561602014327105,5.592818337752092,4
1.4334334081254796,3.3241891248712085,4
-6.822614066254186,-6.61151731441269,2
-7.0005753397590516,-6.460577149368919,2
-3.327418306286223,11.106673403883782,0
4.85089630343072,1.8764565720703397,1
2.9176556656267754,3.5298738267555776,4
1.7433373045323672,3.8816913874250742,4
-3.2924509153889874,8.692224611992646,0
-7.012260937533844,-7.854638897946588,2
-7.584639046909679,-6.935878670933652,2
-7.48183925151305,-6.4113353372009225,2
-1.006840570956722,9.088380908618097,0
-7.533702874278694,-8.710742490132404,2
0.5696831854024875,10.133861039632897,0
5.278609058257286,0.8301647712102485,1
-6.443067386993603,-5.976174752189752,2
-0.725204607861059,3.6617213797692783,4
-7.971939955823849,-7.196518042970749,2
-6.899046797039003,-7.183289376110222,2
3.6502740159695204,1.8473827638410838,1
3.558815508628204,2.5891052908849956,1
-7.76711936895337,-7.317567893599357,2
4.745254342374062,0.6391441890225276,1
-2.2642310519440274,8.50734295282719,0
1.415599940098879,4.372735248200382,4
-3.436128094630833,8.954760772136522,0
-7.037816575125157,8.562469268438141,3
-9.066927671976028,6.329173540890191,3
1.3043813441165737,3.9309269307406582,4
-2.728869510890262,9.371398699710069,0
-1.9898511088115778,10.5470250412009,0
-2.065378194906522,9.788920181627658,0
2.5851810950385303,3.2816372024188545,4
-7.6652031190493695,7.693165107696797,3
-2.327331367994255,9.262506714498658,0
-8.202909726426784,6.084264520645231,3
2.38978190033848,3.847921869748511,4
-7.477669160797359,6.014702516379591,3
-10.360686942853901,8.436211290488629,3
-8.575766427634086,7.5171128268662475,3
1.417555570325963,1.9558854988218397,4
-4.024388685251303,10.381160395642846,0
-7.2445799206941555,-7.719319260614953,2
-6.314117545519726,-8.640872352431764,2
3.6904799473961583,4.605551748778122,1
-1.686652710949561,7.793442478227299,0
-8.926690715841346,6.953511885616575,3
6.233065462867499,1.4619540075095467,1
-8.297992924084301,-8.640918405256723,2
2.896817308996698,3.5116863290726417,4
-9.362416154570603,7.475877787532426,3
2.1075096844980767,1.1703155850201856,4
-0.36525353372742453,9.648205150516333,0
-6.8147215374063705,7.330322760058701,3
-9.925573695498812,6.237697786613518,3
-7.088650448437296,-7.7306300474852465,2
4.82664560070518,1.2177867515874095,1
-7.786380138913092,6.325462288184291,3
-8.277408308694772,7.028042597469542,3
-8.530277217131909,6.931874348076912,3
-9.151385787159164,7.322814320922057,3
4.291226701820242,1.6239119796223032,1
2.108193241157506,1.9421511831733738,4
-5.658593495625917,-6.298011889807331,2
3.831606584597286,3.9434056605285353,4
-7.528019010516402,8.71920672628866,3
-0.21593099846079644,2.0407514032858427,4
-6.654942465399384,-5.947518761402857,2
4.370990145673271,0.8666437751990617,1
-3.159840192174577,8.527160744433626,0
-4.116680857613978,9.198919986730626,0
4.599720885583758,0.5423945818226839,1
-9.435837951327652,8.745892777197211,3
-9.513506031610392,7.179004244783186,3
-7.987429794468039,7.186151127099307,3
-9.455979652070361,7.007450059471654,3
-8.04974021721063,-8.682090030855967,2
-9.582859484150507,-6.202234273745039,2
-1.3663748085377296,9.766219160885095,0
-4.817102271908125,-7.94764250753022,2
-2.9557125751197715,9.870684922521793,0
-10.419518458668144,8.218561229574819,3
4.394135772142157,1.7004461141930616,1
-8.231604697499828,7.140326296778316,3
5.463049420190016,2.046487651129136,1
-9.630747677635972,7.015561385859663,3
7.043294421466376,1.9155508869071467,1
2.53309232339177,5.192032141544966,4
2.8704744475308437,2.9289282411524,4
-7.344244488449663,-6.678949937403107,2
-6.979781267631223,-7.083783343452913,2
-8.384347565182273,-6.120053629586344,2
0.2016969343156585,4.431508914312331,4
-10.282182572769551,5.027341962361465,3
4.929047480135919,4.428469823851627,1
1.1145440547172552,5.680735479562678,4
2.275465472902157,4.981795568533365,4
-8.18242698010625,7.518259110217478,3
1.8052831844398052,3.852968767465089,4
4.966011858470219,0.722056107555429,1
-8.172015255726798,7.786114208352655,3
-4.978436505398262,-6.940770407090567,2
3.1040669625370043,2.8492323624895026,4
2.6518298190859864,3.3571357962609163,4
-2.7581617715318236,9.985857079152677,0
3.118769468675059,3.5357742684246967,4
-1.5029048138383097,8.437394258675173,0
-2.978672008987702,9.556846171784287,0
6.187384037558163,3.7690473570362535,1
2.357358263948293,4.477607513103687,4
6.938776959847352,1.6103311235010729,1
3.8075232631238727,2.444585240327136,1
-3.0628469283999324,7.816408235609473,0
-7.683301759121001,-5.240992787831879,2
-2.300334028047995,7.054616004318546,0
4.066216829347865,1.4263107427003399,1
-5.641344119717634,-6.858838016539885,2
-9.061530011270815,8.813386354100786,3
-3.053580347577933,9.125208717908187,0
-8.682766867407215,-8.464245536281437,2
-9.794764133454018,7.795929193379081,3
4.297191242147752,1.6017288179449405,1
-9.251792917759285,7.583803422081589,3
2.416097533080427,2.233778976575299,4
5.745404769186085,3.160199989501112,1
5.285363017369177,4.136424407246192,1
4.765103338876009,1.543764142815479,1
-6.8476230420855035,-7.63352746362213,2
-2.52771075904514,8.725627489278184,0
4.399553438069966,1.5983488763911344,1
1.4154350570070002,4.619138141974461,4
1.9987480839899376,3.987097298018073,4
-2.281737688448621,10.321428882480749,0
-3.3381926339748222,8.454105088001352,0
3.0832496627041976,2.579179635286372,1
2.4129961557923196,2.834979427609826,4
-7.354211728100045,7.679136264284363,3
-8.873362833722725,-6.506053023428374,2
-9.267572176934673,7.912076185269423,3
5.718559669659397,1.9346612144400248,1
-2.422150554814579,8.715278777732454,0
-9.707990837910705,8.448957699913473,3
-9.146362040821751,8.103183447768043,3
3.417751027336156,2.68616811411312,1
4.817579837161356,0.6378253252306307,1
-9.479814665680319,7.811395200369777,3
-8.664986092265602,7.567476113407204,3
2.7268067746888986,4.950508243296428,4
-8.86484901588507,6.441648264270985,3
-11.36861527938234,7.037518693618592,3
-2.4489674131117236,11.477528240683608,0
-8.419929535747327,8.725121508445133,3
-4.103625281847117,8.414911105244549,0
-7.018083175135044,-8.104407829565313,2
1.505870590976604,3.964984972492812,4
2.6478082516952113,5.0466830389099,4
-5.348876358807573,-5.66134774157863,2
-10.032252763035066,7.46646601026241,3
-3.3696109883367025,8.629730583968497,0
3.2605596082135744,1.242239643998813,1
-7.615157133741037,-5.644016418065509,2
-1.8190536313416377,8.613065656312486,0
-0.6134475041527021,4.16482706251807,4
1.7914338610194067,5.614712219241943,4
3.295428325193824,1.0545177374565338,1
-5.683055689486778,-7.038639166302916,2
-9.802086682846621,6.36637200060366,3
-7.415590636265318,-6.072051794994802,2
4.342315332868109,3.3488764972523515,1
-2.496195731174843,10.467820205355638,0
-7.099428092838432,8.302380966280499,3
2.479580639479417,5.617273878067675,4
-3.348415146275389,8.705073752347108,0
4.08765579194713,2.6061015016962426,1
-3.490706274100701,9.476389602461593,0
-7.271385340195092,-7.8025197777744495,2
0.6712258686561543,2.8389935991773387,4
3.2800226952481824,2.719423249967953,1
2.280052775006926,2.9196909804392845,4
-7.553117815395138,-6.601115431052144,2
-1.4261463798774732,10.068088180233225,0
-2.623737468305368,10.252102440171782,0
2.504366962199562,4.530184703238429,4
2.8410778786190365,5.6993834743334615,4
-9.626111508544248,6.7026753172475875,3
7.199963374496896,1.8771097842160822,1
-7.198681126817888,-7.676135450079435,2
5.6690344735537455,2.4457671663537752,1
-0.3193946898350779,8.20598784284317,0
-6.1701753740122305,-7.31559596384579,2
-7.885191122722765,7.610647080700527,3
1.1540075029878092,4.696080642043344,4
-10.990143157965315,6.604369596256283,3
-8.251528334082627,-8.493670991152687,2
0.8997554286197618,3.2439487349066454,4
-3.272456779595267,7.209404027533802,0
-2.171594960977548,8.602409162075855,0
-2.1982900574547455,10.489642345147873,0
5.4256789948789335,2.398627245725697,1
1.1061083193829333,3.329629347690464,4
-7.878012630339562,-6.578317693456481,2
-2.1380517496814413,8.4103009414825,0
-3.3017183614854506,8.899549686731422,0
1.8995913012684515,4.25482393019756,4
-8.461918230538494,6.421471361141193,3
-1.885077806000595,9.642631637462602,0
-7.955994694312601,6.871432582665623,3
2.2716088305059046,5.206540030005662,4
3.425670204989366,4.859354828459937,4
2.5943576765783196,4.099260538921598,4
-9.198096402425096,5.997475229416665,3
-1.8272446517577863,8.704019371604865,0
-9.303638213416063,7.217574561194567,3
-9.027448147413043,8.245173027423162,3
-2.62152567274358,8.793316528665098,0
-2.5450236621627016,10.578929784012328,0
-7.3684766129375445,-7.999727026564958,2
-9.049457995463705,6.336343388347519,3
4.94768060512016,0.26300129128410643,1
-8.049544026861557,-9.752371806557596,2
-8.154758433435532,5.957567204298169,3
-1.9941499367467022,12.867017618853042,0
-0.061812704634412796,5.886148205682018,4
4.762176339260385,2.51646771297712,1
-6.730959733949159,-7.217195564393986,2
-6.5722204933421695,-6.06437238073665,2
2.3144929631905486,3.974122537514534,4
3.269191950398895,4.099447546554877,4
1.9060711917422175,4.376164739091435,4
-7.0498118136761985,-7.3333376426032215,2
-8.058666982311072,-5.692430204814383,2
1.0056171062876784,3.9173710822467074,4
5.460361017425465,2.48044371504803,1
5.272286575283623,2.9457241335674618,1
-4.178602904174122,9.557646320578257,0
3.2282947514109916,4.93885890868542,4
5.247775345944641,2.1597788070970902,1
-2.0082804354283694,8.03673088339977,0
-4.866239943624647,-6.743574262193209,2
1.6049334212590913,3.8663616416830027,4
3.3451973605071954,3.1339964713192514,1
2.49593231167563,3.2350704259393703,4
-2.571876720325922,9.96942844869956,0
-1.9793934451374673,10.455854748856222,0
-1.8229374326782368,7.40157025700867,0
-1.6956804056830803,7.7834218117643665,0
-4.043311793788373,10.291962950096831,0
-9.467591150328799,8.857250625415203,3
-9.433548326053225,-5.945789682036673,2
4.568277576814038,1.9359474474308904,1
-7.712277505863842,7.272129191910217,3
4.636276297137533,0.8148049947481892,1
-3.317691225945938,8.512529084613785,0
2.302936639354312,5.920072040116042,4
-9.496444245711267,7.019796886722038,3
0.3674127986358795,3.201405260641445,4
1.6093024127207416,3.234753247073598,4
-7.491396282056556,-6.917146390324358,2
-2.147561598005116,8.369166373593197,0
-10.684515618874105,6.394012055306293,3
2.644370225170224,5.490384875456319,4
2.2173252188923023,3.4031694870333187,4
0.9200080850277523,4.842811066363857,4
-11.40066141543132,7.132495152898534,3
3.6357380694760337,1.2053721188366036,1
-9.192368467577035,6.749921142601802,3
-2.1850312705643082,8.884143073830638,0
1.2523041686667185,2.865334891671014,4
4.064241009990328,2.0951794985860936,1
-10.04949968591679,8.054287034565228,3
5.372518913443681,1.8924531038321497,1
2.61952845311756,3.213103551696708,4
1.4960523783467545,5.549789334129357,4
-4.560297651169575,-6.486791753881575,2
-7.903814015480475,-5.026017026941759,2
-2.437631385833358,8.536628681433205,0
-6.366027084581553,-7.412810432937858,2
2.998116954208885,5.079905999863323,4
-8.673566915399494,7.374410617354721,3
-3.2683302846064484,9.16467991467453,0
2.2636221697809566,3.010437472301402,4
-2.617957771509608,9.415997850297263,0
2.9441017368414277,4.644139443130122,4
-1.9872560574358524,9.311270801431508,0
-7.03975998671791,-6.208769516825481,2
-9.396629510582041,6.223368682527008,3
-5.209722686799864,-6.485438063452966,2
5.957272901862427,2.1707692886331316,1
-11.857839912456836,7.507372460252398,3
-6.797797832603705,-6.978999246467089,2
4.864330654788073,3.0202679865528865,1
-8.97777403231701,6.873333650647291,3
-7.697826074573578,-6.883484050686898,2
5.03910195883338,2.620365623643473,1
-6.338164462946482,-6.1209544329733,2
-7.066771456155819,-5.8943795975960835,2
-9.607470106423309,6.383619814389839,3
-9.207604895882213,7.466911382840954,3
-8.569200815390904,6.980330640001292,3
2.9336629570388975,4.267205347192389,4
4.5697131247694545,0.3122087504247406,1
-9.760187569761323,6.3195655434172044,3
-6.851446033782142,-6.88922858992015,2
4.3849016188072465,3.477162672523421,1
-2.980235928671073,9.246336065555958,0
-6.5707941785523065,-5.1778946486407085,2
0.9633926478075752,5.643114958383507,4
1.7929094907961478,4.117974606107047,4
4.467251536287281,2.8568296214274045,1
-9.930028632775326,6.936423213024302,3
-7.95144036653871,6.90276112181765,3
-1.883530275287744,8.157128571782039,0
1.9429921932865297,1.9188748174229198,1
4.016738309803337,1.4176925647804772,1
4.319531528033782,2.3973356303426483,1
-0.9860735457830929,9.55319617188298,0
-3.384815876437507,7.631486397233985,0
5.621644323219695,1.6483383004321095,1
-2.4115215245039185,8.241276344342856,0
2.356476652109073,4.00619250709616,4
5.162714324263601,1.399469680002153,1
-10.991670676507255,8.420675627252399,3
3.2916934141223884,2.716433777963447,1
-2.125132174113443,8.981591380104229,0
-8.824054688799576,6.3695834961020585,3
-1.5458214938084285,9.42706705513482,0
-9.388864606127594,6.102810489584544,3
-2.2951038789225464,7.768547349486333,0
5.535072056255833,2.6083414856227014,1
4.60519394884132,2.207384416477253,1
-6.183239743694555,-5.9248043847054355,2
-10.611360224842892,8.585444416212695,3
-1.3414155613929428,9.268706971499535,0
-10.639385490788749,6.780849115764681,3
2.6173297006997402,3.6040285028125876,4
5.637888946087753,-0.9230856942529573,1
3.23236714151028,1.1953529963498566,1
-6.085362511529443,-8.134399016445196,2
-10.289503446687569,7.311433967652649,3
-9.213524136959947,7.005807818742469,3
3.3595744375572067,2.8456270122208767,1
4.380836690407398,1.7768198348557538,1
-6.4257123350230945,8.108127203396727,3
-7.714215036649997,8.27104937762156,3
4.3182437850107185,4.049917667501573,1
4.481870937649112,1.5462886139933119,1
2.799004604896456,0.6935927172050305,1
-6.101266114984632,-7.43129530960448,2
5.670162290259944,2.2119588429672454,1
4.699509206148275,1.326232906235158,1
-7.70721741179999,-6.793965710229572,2
1.7789162554891575,3.8616133596460283,4
-0.8805820774814583,7.63418466998343,0
4.150439393709879,3.0173305610098042,1
3.9355351456853422,0.5647083875771723,1
2.0084624887699385,3.471723781856735,4
-5.666529491172087,-6.738392679636042,2
3.2453833019595004,3.902597155551077,4
-1.0435488541311961,8.788509827711787,0
4.749273630832994,2.698936307839424,1
-8.158954473679508,6.174728880340047,3
-0.6434231119079936,9.488119049110109,0
-4.136740060935913,9.062371074859703,0
2.4423947253160168,4.76830214913658,4
2.219592500495382,4.472760229363794,4
0.7030530402654083,3.9584709185252516,4
-8.857588136370405,7.060632086290435,3
-2.004210344072293,9.880041322368443,0
1.9912413019932738,3.251768138939075,4
-8.282232462950963,-5.130532850089008,2
1.0733837140393385,5.908814753836467,4
-6.797187438216767,-8.337661092740877,2
1.4933225268001604,3.104893913160656,4
3.9378871484213462,1.3102687663897838,1
-5.692241139586519,-4.290545951257332,2
-2.5040841664102893,8.779698994823175,0
-8.753009614070987,6.515257193857777,3
-6.710266367115192,-8.293824090180927,2
6.253590105286748,2.426703985454712,1
-8.864733513594937,7.60368407431831,3
-6.904654149896414,-6.062343294075659,2
-6.804193552249678,-8.482075405173115,2
-5.904429561368841,-6.379015423336101,2
-8.445911789457243,6.814559289791204,3
-7.62638377124961,7.58477344673256,3
-7.8688705561092736,7.750717277370388,3
7.213238639477962,2.0323881179552203,1
-9.018719438398419,8.696371390175234,3
4.810744274356043,1.789186347588053,1
-1.6735055109876082,7.884579273540703,0
-2.5752774217000667,7.803269928435865,0
1.3127203801150031,2.9029466452455743,4
-9.27471364716258,7.2139131115728725,3
-7.30892941566853,-7.572530573149803,2
-8.222556606864869,8.52740735266752,3
5.706553525817255,3.1424652743864048,1
4.607125566012103,1.429744912806967,1
-2.784249320204394,6.712364963462736,0
-6.9840764096887415,-7.048931316465957,2
2.1404731213545283,4.264112256531474,1
-2.1425993769559017,8.074406341870967,0
-10.072676628515932,6.731058656345809,3
5.157537856697225,1.2474258707872665,1
-7.431485337043717,-4.321910307607695,2
2.4855065269632988,2.794313749460663,4
-8.292043508632311,7.329945185309641,3
-9.32138880831945,7.470315927484252,3
4.668623659162919,3.251621546548031,1
-2.9968038471252436,8.5817279403787,0
4.842801857079401,0.45742556894350006,1
3.15792038204712,3.055158043509275,4
-7.305984787356813,-5.731663884079191,2
5.13390902251084,2.233843449764639,1
4.2196920191322445,1.6913850750802248,1
-2.4121200737047097,9.98293111873121,0
-7.267804009692499,-6.7096933709004585,2
4.034570680564941,5.18516110202789,4
-9.433989050679502,8.69796100866952,3
5.321770325854413,3.8198770096767656,1
-9.479809351858963,7.755445460172644,3
-0.4484496981707631,10.769626970641525,0
-6.812636473926398,-6.364170375571847,2
4.12226753719193,2.1969576355796305,1
4.016109875532297,3.887201037807518,1
-8.021316305284776,-7.073769052555665,2
-7.872930272044839,8.55965363730492,3
-9.275047492676606,7.25739030087288,3
-2.3956802778015023,9.676416802719368,0
0.9303663344688626,5.051699056757418,4
-2.0957627198290494,10.891081940756388,0
-6.321300278629548,-6.804104201863535,2
3.5851890033723732,3.8874584740916047,4
-1.4507731362031624,7.255546641775207,0
-5.239662661779877,-6.137982102204054,2
-3.2245013323127183,9.693883877132997,0
-4.4279688383517914,8.987772252749105,0
2.812672130915887,4.501502850489799,4
-0.5072598428301274,3.8648440968511104,4
1.5311464877220708,3.876576062551238,4
3.9264368244371823,5.787410471282972,4
-9.809984491177296,5.943904750709772,3
-2.431829315405132,8.153001926870058,0
-2.1147454806744532,8.593301647378059,0
-3.6924561357185253,6.975053950438221,0
-7.924436385172304,-8.846466182651948,2
-4.633093347362557,8.488531106517561,0
-2.949242109749734,9.145026705484414,0
-8.141373352125274,6.989703425742693,3
-1.6966718006585522,10.370526156769145,0
0.8920965101902518,6.5731282314993305,4
-5.772546521864298,-7.000490757229545,2
-5.351158764738738,-6.372273836986323,2
-9.374129219688308,5.616164957905756,3
-1.106403312116651,7.612435065406041,0
-3.8294308300733926,10.845744894052675,0
2.09433709614792,3.949242586019757,4
5.788644536600205,0.23345590516263237,1
1.3979548451509516,3.976926198265059,4
5.237278906077959,2.67434242625163,1
2.408623552675736,3.956980334934787,4
-9.647931276557657,7.7475839599627925,3
-7.982993797325143,-9.03300018622843,2
1.0968756088045883,4.416835311595226,4
-8.075510253186454,-6.435506925055806,2
4.615524243967118,4.115440042552596,1
-6.47589710081466,-6.9043051996668625,2
4.837963596995956,1.8288092720167894,1
-1.6788618065085046,8.158202302289455,0
1.6928524485170842,4.893322260209205,4
-10.521765948856961,6.5176528490025145,3
1.491085940256577,4.645328207108949,4
-2.1674416472755906,10.890456967414208,0
-2.5862993324668544,9.355438103014965,0
5.209646116460306,2.4208782439580467,1
2.7078079736543796,6.010060389217321,4
-7.933309610297624,-7.9479125148551395,2
-3.2112507169301026,8.686623981600553,0
-6.528997091877711,-6.390922463128283,2
-8.094135785136073,7.1422987422806,3
-5.2183679766034,-7.337205849862219,2
-6.310644111965995,-5.251712970147409,2
-6.5476468605822555,-6.68960991349688,2
3.716645590117197,0.6214850783243984,1
-2.9811294888421838,10.103236725165688,0
-6.83581571917216,-7.027111594904436,2
1.452467306625417,4.490960291493918,4
2.0379185688137786,5.063728729707556,4
-7.32290944234278,-7.764912307302848,2
4.304094136937973,3.642191209230125,1
-9.102842597946621,5.31966055109195,3
-8.130113333379454,7.556739046762205,3
4.668197212358563,2.002925823436477,1
2.1140527193125487,4.413691952347587,4
-8.089321933992377,-6.2801808632797425,2
3.5386942901177485,4.763569876313392,4
-5.883579505345454,-7.636904681845407,2
-0.38704142604011693,10.046751388749469,0
3.9634865341688315,3.7741101168515474,1
1.8164408039838353,3.41487320938067,4
-8.142789999070233,8.172625026241848,3
-1.471657678794851,8.504269729343575,0
4.24108046831231,4.002406345520858,4
-1.534077889634999,8.867228746696183,0
-9.312167103706926,7.309070644620424,3
-7.460150640955993,-6.291531188855337,2
5.223807021554065,1.6138775931536724,1
-6.2449057225895,-5.770409751319724,2
1.2038715689221742,5.693819280599024,4
-1.3299004389889237,9.081804609608431,0
-10.392086522652075,8.141412573523732,3
-2.4174368465172478,7.026717213597429,0
5.885964028725731,-0.10022054846741746,1
3.6277744609679337,0.31831301207496265,1
-7.456137591877989,-9.471151885420856,2
-6.365719341492355,-6.7005278113363484,2
-6.548746958936813,-6.046580631667022,2
-8.96686526807494,5.441673870001064,3
-4.547322158230604,8.006199817280917,0
-6.690045574552527,-5.8790635007088055,2
2.282742498197732,3.6226096997281707,4
-6.967909239502525,-4.3004002556216285,2
4.089573682382682,1.3015463160026806,1
5.411577546876446,-0.8753729366893435,1
-10.088735490605728,7.92803824185407,3
4.466807011944232,1.9887487315221994,1
-10.03196458839249,8.242677089108705,3
2.8336967893557676,3.0131882671682906,4
3.2503063694645054,0.3277709369838402,1
-3.4997339481834384,8.44798839859555,0
-8.16546652066919,7.915337049240081,3
-7.895449010129667,-6.818429743427975,2
3.988460832613653,1.4892838498864105,1
4.014316134718572,2.368973217378141,1
1.9055343190689291,3.5258937145165055,4
5.5581954422304145,0.402669080317555,1
-7.033979646849267,7.132619123771405,3
-7.948129345511224,8.358772250222456,3
-2.521444395899665,8.11703175671249,0
5.575557229375563,3.2447247789348905,1
2.5571175712100858,5.390432058409971,4
1.3034678472554453,4.90645686879819,4
5.2900800141867625,1.873993820161349,1
-1.636876986332072,9.197628133936673,0
4.0021388519767855,1.4421727289389144,1
4.919847462547922,0.8476806366423555,1
4.790297741371678,2.3381306864069575,1
1.8354040767021909,2.530978312205769,4
-7.879958515756845,-7.557854563800798,2
2.239075798626805,3.064149028288065,4
3.4864774736166133,5.158310329386717,4
6.0220378272656285,2.621879571530375,1
-9.303867451424212,-5.996064196914897,2
3.033763270272532,5.50292747145179,4
0.846705629239324,3.266381713644304,4
2.5083365242818125,2.6141475669825436,4
3.259738369548315,3.704149900834119,4
2.9376905104243374,3.6119112813253738,4
-2.4846874487938075,9.512284419443771,0
-6.756422384366784,-6.328624217235479,2
-6.260472930146072,-4.822614123564248,2
-10.137908993563608,8.153255333377878,3
4.971394660172901,5.406131136657695,4
1.2913439591487024,4.919373405844528,4
4.392701453707504,1.2911854359429333,1
-6.9592685823969855,-6.427737797026213,2
6.219450981958814,1.4503096567874638,1
4.17217763491621,2.319673565671448,1
-8.490651273097674,6.836294351385151,3
-7.100880814737042,-7.156922893164867,2
2.5711840701815403,3.906495762367211,4
6.273310368529197,0.826824290922044,1
4.408944306019423,2.6693760487541502,1
-8.037918231408328,8.077814245312277,3
-8.067225610180783,-6.570288883048919,2
-9.063183738444089,6.673520334675244,3
5.120888067964815,2.1970537082198636,1
-4.234115455565783,8.45199859895735,0
5.350838804431593,2.417432995426772,1
1.9767879895629334,3.7372152225228654,4
-8.969584723728316,7.400374798457471,3
-2.7617657744459105,7.766502946233472,0
-9.522957582396014,8.114148514661473,3
-9.342507587643682,7.242000242397057,3
-8.972636498106558,8.134331188658486,3
-3.5464437773792064,8.823947450114714,0
1.9605360350040468,4.640893074006973,4
-3.837383671951181,9.211147364067445,0
-2.152182137087703,8.321376532937668,0
3.3499179364870475,0.6780909118771159,1
-1.3297575023314632,8.545110476093617,0
-0.8767863191211149,7.584144750237689,0
-9.132294704300193,7.251923663640636,3
1.9794768535526008,4.219474290729304,4
1.5564946657460128,4.010613844354213,4
2.4889712168302567,5.682457783080289,4
1.8908276391925078,4.987498727362415,4
2.3748052032210554,3.5911001895072285,4
0.5051265381924965,4.912030723442674,4
-8.678309530783222,7.825305651666248,3
4.836400005929572,2.6821734415292444,1
6.143277137995252,2.8505319745164033,1
-8.144848844722016,6.931510275579574,3
6.02415165473862,2.537078803993092,1
-2.31013792747928,8.414069251039527,0
2.5929132320837067,5.12963621645377,4
-6.343117347580867,-7.778577575066984,2
3.650250699657764,2.913940871928948,1
-7.8852027112599234,7.836608335595996,3
-1.6380729196210577,8.68826259603048,0
-6.171518514462679,-5.923407276481362,2
-8.871557747280471,7.115406058226164,3
1.1837144364169445,3.2747706336374516,4
5.020076687234065,2.583755429224555,1
-8.749670165674573,7.520838622904299,3
-1.7619040179294885,9.624656393631787,0
5.230533666920411,3.0818732645236397,1
2.3944057074710385,4.550610751588837,4
-8.054937247353415,7.071984029454208,3
5.398807426014867,2.254361107910108,1
-8.628668341361385,6.831886729866656,3
2.117644434305484,3.8980033398386595,4
-9.944032425121947,7.108601885209968,3
-6.419655048212154,-7.557824963028053,2
5.636145655675241,1.4794131007794196,1
-3.0230645403894436,7.95507260630937,0
-7.878929423446181,-7.384884514504164,2
-5.4894196421339565,-6.322299286924085,2
-5.128942727142494,9.836188632573545,0
4.594292819872604,2.2165091332634237,1
-2.2130773459881743,9.275341400378212,0
-8.097503411215884,6.810309349027118,3
-10.409203908704509,6.196755446588898,3
-8.584588095141436,7.791216087264137,3
3.7777759331796656,5.734471281135765,4
0.14574752882230158,4.7811630018870455,4
-3.039455241425191,8.221413295935978,0
-9.387052664376972,7.416367816639818,3
3.202025443224886,4.355559186874267,4
-6.039007164646717,-6.333376025074568,2
-7.783329051881398,-6.555750311554344,2
2.194139574657707,4.7147027759056925,4
-2.273583064944184,9.785151322085289,0
-8.0312051599987,6.349976715794234,3
-2.9883718608980403,8.828627151534505,0
-3.3346948198452617,8.692900286545328,0
-3.4286218572865534,10.564220533215861,0
-8.167847139394798,6.2516656824585475,3
-7.4613081050999135,-7.894866323968813,2
6.205402865462442,1.9074194228677441,1
-3.208923131045336,9.228266038932544,0
-4.222332152143627,10.368158502363734,0
-7.06252363225611,-5.505233174127762,2
-9.222299028588361,7.5737231217503975,3
3.039961701707678,4.432946866746557,4
-8.412440550442975,7.342670692914456,3
-8.461227362733824,7.294260101813725,3
4.862012607861814,1.4944210622772547,1
-8.549634127356153,7.583844754269924,3
4.643093325894151,3.0494845301467453,4
1.3255284164346008,4.7434781230056355,4
-6.990853252499971,-7.784017234740737,2
-6.858833483475862,-7.608112534505081,2
-7.0601071047418955,-3.687002025431086,2
-7.408243872901027,-6.2937455745208535,2
-2.035959998479205,8.94145721554145,0
5.2922017146415214,0.3967775269564826,1
-9.033236036988692,8.457293012365767,3
1.6871624536927239,4.50378939041053,4
3.618646019097388,2.6815261312400853,1
-2.7481456699191598,8.106722466156723,0
-9.028366791637504,6.966077492688276,3
-1.7707310430573397,9.185654409388292,0
-2.2282057553177177,8.391586608377727,0
-3.110904235282147,10.86656431270726,0
-8.754799660797016,-6.76508351412853,2
-8.837122281273786,6.5064342844305125,3
2.530568874538765,8.087689262357236,4
-6.423739419069663,-4.715107248374863,2
1.197786073336502,3.5528618326812085,4
5.1899309352526535,1.0048252290770967,1
-2.1822702492885875,8.795185599389457,0
-5.562512123811405,-6.998178120267025,2
-6.491048586620306,-4.387110075843156,2
-10.731942423589796,7.536816622871641,3
1.9829929472365444,4.0269547715191765,4
-1.6395917029470901,10.369923987003272,0
7.085630815844928,2.1023908659159596,1
-3.2655483683370536,7.592032418600647,0
5.2984231089009315,3.9833742227070816,1
4.418914662398437,2.000055522935263,1
-8.200276655195253,7.82436739044316,3
-1.8706051642753763,7.352766065929361,0
-7.489139393310554,-7.067080896261393,2
3.49923466098245,2.993672004652974,4
-8.36196998727979,7.8289930746653305,3
5.480522385216825,1.320545704638341,1
-0.8220559879801854,9.895925885147772,0
-6.413197208717744,-6.91575107557343,2
-9.66074768901821,8.444553582823175,3
-2.7015585878338726,9.315833470531935,0
-8.317205328256673,7.96873850144876,3
-7.326949086810021,-5.5990932315408335,2
-0.7437433827716533,9.419267839159277,0
-6.753247611604858,-4.941180594217662,2
-3.1718213819985968,9.584884796791481,0
-6.666430562913581,-7.632078925014766,2
6.715139708853367,1.2839818658511641,1
2.5788533593979337,2.8259699868210175,4
-7.548699929811186,-5.840204905879871,2
4.0148155880322935,3.394794968137561,4
1.6086947014425315,6.0491392132611,4
-3.8868669910098412,8.0764610882832,0
-2.8519121395795195,8.212008858976702,0
-3.170984087821138,9.866719462994546,0
1.6517921362741466,2.7558845367422666,4
-7.66561665165922,-8.211342546833725,2
5.133196737108991,2.1580058076356057,1
-7.714974244411027,-4.734960465502558,2
-9.533040887725068,6.914240477385599,3
-6.698605632447563,-8.176941541231793,2
-10.027739649503339,8.966195868754667,3
6.437565363077624,2.614012545207742,1
4.015060258532422,1.9992607341515658,1
0.43631692262621735,2.281527170781864,4
4.078843799693717,3.0305631205949934,4
-7.837745438593032,6.652902706422058,3
-4.379989544078606,8.662772644157013,0
-2.581207744633084,10.017819026090345,0
1.0264848400739466,4.812587797744566,4
-7.622097776849318,-8.200132104496653,2
-8.941582516785058,5.680334104344536,3
-6.814018133349158,5.960348910905893,3
-7.1648756663374735,8.66398396728905,3
-1.2422864738661274,8.306616662579541,0
-9.196667908657233,6.675981109863544,3
-7.046748904937681,-6.597529642787647,2
-6.596339319605128,-7.139014566980024,2
2.1975116537726875,7.146710558524319,4
-2.4606759951079233,8.183336011787283,0
-2.4636257831489363,8.362685780592505,0
-2.616227983007308,7.9790438057789475,0
2.87073111706946,1.9145622219363037,4
4.688738906553806,2.013761375144614,1
-3.7005011202553986,9.670839736832152,0
2.491567824672702,2.625879432713803,4
1.6626705624117133,4.462558895112651,4
-6.556459476966489,-7.027712179574615,2
-9.74406005749863,6.669756576849883,3
-6.1427832940588365,-7.16143715039416,2
-7.251833967222323,-5.791360973571761,2
-1.2315327272643253,8.422714739362492,0
3.7718841390695963,5.542905634611396,4
2.2129358261292,5.102762136688392,4
4.544583303841149,2.2521912097110715,1
-5.5898744370685245,-6.206928242005988,2
5.624201234704685,1.759180839715223,1
-8.282723290632562,7.413103596753952,3
-5.006329414933725,-5.800061527561298,2
3.286006912518844,3.3151355784551733,4
-6.764245086886037,6.40413832391228,3
-9.737111804959138,5.993209289759713,3
-6.811771680623867,-6.027335918153727,2
-10.616915340642528,7.64317474141768,3
-5.662468670325774,-5.358793541353496,2
5.008552145101002,1.5798308716133713,1
3.7815210560468877,2.6734795633497233,1
-5.651958198677978,-8.089750611967151,2
-11.277144914912439,7.189243753312399,3
0.6836944351409269,4.85437017895252,4
2.5219853451671095,4.633453826840183,4
5.713510586087874,0.9466543845296718,1
-6.245850310219172,-6.466310495824448,2
-9.317165212644415,6.460747151455583,3
-1.8764157569464652,11.284978986002717,0
2.6627800300649995,3.9709484499230974,4
-8.67847136463861,6.295847774572745,3
-8.732433303520777,7.907935895971187,3
-8.44786290670712,7.220301162566207,3
-6.845543722892044,-7.650082824334588,2
3.638258826333186,1.692069391054777,1
3.3594494837318183,3.727963865925097,1
4.889262519938857,3.5506229637042064,1
-7.093070062081478,-5.389383456425994,2
-1.651537999850731,8.854347598234895,0
3.8548572783433777,4.975603318039175,4
3.648486486771794,-0.1802204296629828,1
4.002491708921584,3.162186215048284,1
-7.013644357824187,-6.86542139854675,2
1.2385345692777792,3.4709105036046495,4
-6.8360247447788165,-5.185058552845193,2
-6.950125969210362,-6.393607949449745,2
1.8968459748612754,4.489331080080266,4
-7.525591370275805,-7.6793015999262,2
-7.782270947569959,7.5467618296278625,3
2.701443010302371,3.8594060564310446,4
-6.842660266852046,10.433441471504064,3
-10.445887621004985,6.560798136932489,3
-1.5551958595595479,9.66567737950412,0
4.028361033236153,0.5665085870925097,1
-5.267348933162625,-5.565195139691899,2
4.744079940179978,1.9105765560412096,1
-10.067877351088427,7.820222138735225,3
-2.3889019913408513,9.52872496225707,0
-3.515215004552452,7.80009751541059,0
-3.227641844305186,8.800838976486475,0
-7.951766203136877,-9.801460076770553,2
-2.4393955380627315,8.628972531336562,0
-7.106111290001102,-7.839548829999426,2
-6.11354691276658,-5.653176369391639,2
1.5792562137356934,3.6819585885216655,4
0.730037539758557,4.851159361166103,4
-2.637115214533517,8.058745687597895,0
2.106126862793537,5.571910701124413,4
-6.140816710263767,-6.264742109262893,2
0.1100452594443988,4.092817509835441,4
1.8467362893649601,4.8301063606788155,4
2.2476081569051174,3.79192462708755,4
-5.682995704505619,-7.489892497595329,2
-3.3489194652335263,8.4148934827543,0
-5.960398256576067,-7.548253678814941,2
3.191864935811857,-0.22563627267934994,1
-4.708684473653456,-7.055995405708283,2
4.735999613169085,1.5108943952356895,1
-9.158995382193202,9.118734271411025,3
-7.8861697564309114,-5.740231032146902,2
-8.3376620352548,7.373296602679663,3
-8.494539875086124,7.274870563928252,3
-6.756956875156474,-5.255431134806386,2
4.754106484890141,2.12347144540261,1
-11.050189667965517,8.856956616795028,3
-10.098492521808591,6.707161507459226,3
5.048131591942573,0.2705860797028916,1
1.670885999150443,5.724864914753017,4
-1.6095977476194996,9.321585649074931,0
4.012911778440334,3.7856182419376605,1
2.7790889148511577,4.773920349934511,4
-2.9013057761849077,7.550771180066203,0
4.462931608734052,1.1748724394022783,1
-3.7700815773877956,9.932148075253098,0
1.637278423151312,4.544440540661837,4
1.2798160023257916,3.6761457205530403,4
4.8063310444411576,2.465620947948881,1
-8.008852914704262,7.1296967767259,3
-6.791220304859423,-5.402579512220685,2
3.9517284910503774,4.225605489285041,1
-3.9877196134201776,8.294441919803614,0
0.9174374418016555,4.381992982934776,4
-8.285944654823105,-6.963215165904641,2
4.8409778829430685,3.0238240799483442,1
5.261688798445298,0.4029449640502756,1
-7.226107128380586,8.220362231364234,3
-2.5226948477906843,7.956575199242421,0
5.183478990822533,1.602555351854626,1
3.8932654102359576,4.5510657332918125,4
-8.49475900705678,-5.7153702388187755,2
0.31842864803745674,3.2369855677913546,4
-1.6963355042137902,9.643914970121934,0
-6.962307876993969,-7.001857101659231,2
6.234383899453073,1.1262083356224042,1
-4.823420061210948,-7.983317958997629,2
5.473800990777005,2.4323497631691686,1
-9.61120542445962,7.730575202623238,3
-8.572965407236381,6.740764257887121,3
-2.1779341916491863,9.98983125532068,0
2.047688655406586,2.2417783997232528,4
4.1225903861277295,3.382517124126312,1
3.5436037493329,0.5331188013464376,1
-8.244771034355148,4.3831342808344225,3
-3.417221698573961,7.60198242686303,0
-9.673470658266034,9.413061637193476,3
-7.425871639403753,-6.4883055878734,2
-8.863902068828004,5.554447010609585,3
4.4490167212096985,4.594411381281605,4
6.1903793290421785,0.974815643201941,1
-4.9808421231800395,8.217390872727846,0
-7.944740854226643,-7.1853342976306145,2
2.346357263085736,3.0137601661052416,4
-2.2587047727068734,9.360734337695297,0
2.577812881206424,3.2427650444348144,4
6.305353280690678,2.9875397489588624,1
-2.4333930648590236,8.33712441668621,0
-7.106106083052797,-6.512744086459769,2
4.027090145743715,1.585468124004748,1
3.657391442689792,1.7485365339437073,1
4.068699846445305,2.5457524652968906,1
-6.469808534222757,-7.121367247894489,2
-2.096266168777126,8.450561575394346,0
-6.822977266254163,-6.350416838919216,2
-8.123490426542554,-7.573014791071854,2
4.27743789482497,0.8534997893145881,1
-5.551433049302212,-6.323879583875287,2
-2.4416694183648264,7.589537941984865,0
3.0952782826301872,6.52532405054027,4
-5.91574807435636,-4.669586591684595,2
-6.760046822737117,-7.853178534157502,2
-2.185113653657955,8.629203847782005,0
1.2363142022291933,2.780406952767134,4
3.9848874253949704,4.165147227768756,4
4.90692910209736,2.862800479564169,1
1.6061058299789217,3.031382216880551,4
-7.244948742463379,-6.695429287411038,2
