Square_Feet,Bedrooms,Distance_to_CityCenter_km,Price
1811.2583208878787,4,15.368111000368472,233439.20591059257
3366.9286273067737,3,12.204118385601149,522596.0448174128
2776.3836428907935,5,14.053608540173029,423116.5652286009
2416.377907331999,1,7.581976136595561,363490.2795182716
1221.2503291945786,5,26.792336567736484,179014.181625524
1221.1852049077472,1,14.06797004516298,210608.5012290688
956.8257528541385,2,26.591323773226893,121275.1218569845
3138.675593592325,1,4.065110917281949,470418.6406190292
2423.0105317066636,4,29.659982859003808,313937.7588529209
2711.7959600493227,3,13.85491953586493,411482.49297266646
855.5781345986666,2,2.3870937914290584,160027.11017387832
3418.7566008373847,1,2.1026335988861926,516997.18509145087
3047.5951301611385,5,22.64001046697332,451746.1213914753
1373.3155988313456,2,20.112030491906744,174321.545563962
1290.9274114591717,2,24.261786185700036,175818.3680565821
1295.1921766042713,1,4.055658484631373,211355.26830756108
1621.4540559907518,2,2.031555144030902,286379.2004169733
2216.842365407042,5,15.748799393979775,331128.7581588896
1966.2515503337127,2,12.240261713000317,300976.7602924086
1586.3186785347132,5,14.396461163457717,256720.8003649342
2452.002815750425,1,29.756063857237947,316443.6105554222
1176.6334237605129,3,29.151748772449434,156228.03309985812
1588.7905510450892,2,28.327146300522593,209817.41512821714
1789.1769768929676,3,23.73143762626254,261489.0333972515
2031.388957385997,5,11.290399447449822,310978.1208690837
2919.975095761137,2,12.951796977620376,417096.4422656006
1339.1192118275712,4,16.93886526784881,236707.51674879174
2188.4329837167516,3,25.085499235740357,303682.4997364152
2399.5193359275145,2,2.992672143029765,380062.84406342555
925.4161143439939,3,13.304609690661756,163296.52401113926
2440.3711001338834,2,3.395912240318792,388532.7019866613
1260.415133955687,1,15.925070010631835,178142.58269153017
975.6393010602546,3,27.068123896180825,140101.20095155167
3361.9909505839996,4,23.692062812354198,454581.2417449516
3407.2064893013103,4,7.607430108750189,526067.1100744854
2982.672839914445,5,29.303734638364983,448165.5726404286
1622.457176768101,2,20.353161543346424,250415.1395696754
1063.7147078172366,3,1.302403282524689,188274.31080065158
2647.4291715828235,5,8.406991055871366,413406.0643905589
1988.4117330969236,3,8.560685697677581,294778.6675769734
1129.5032340809028,2,3.008374882289938,201085.95941661703
2136.977657300429,4,28.834969024201943,298521.23889882275
892.8490070110897,1,14.86940354270179,114044.54305045315
3255.1650856127117,4,26.97862332378458,486618.12006978394
1498.7059503200458,5,10.344249599894223,196086.91969434684
2588.8101677557515,1,4.631773542551986,429065.3283084204
1641.6199054414096,5,14.755747187280203,252110.0147406298
2204.183657180089,2,4.304742406715198,346856.7911530544
2276.117754226855,1,15.094449586348658,287134.82369140553
1299.107029918923,5,27.688618255362826,181037.99576901202
3417.878494964308,2,16.10227611319217,525370.9829455639
2892.8586230750093,4,18.87849207995742,397848.465708019
3336.6471422233108,2,5.542514672240441,531936.0437327985
3216.0338461546517,3,2.268333150519115,502394.48869751184
2414.32994278993,2,4.213430903214404,383465.9184164645
3289.0604345624156,2,18.357415694846605,489794.72206437134
1038.9297555401827,3,3.755339270776835,187157.21477929223
1329.1537285316922,5,11.903793808298031,208266.45863054125
922.1136800584528,5,16.952666273286525,147120.73653149442
1678.3918930608138,2,12.270931160265564,217985.79809357465
1849.4286821616015,3,5.746830242493743,305756.5684710143
1532.6423857895188,3,8.93994791790909,276057.56511292816
3037.5912747102093,4,27.92120845260873,403307.45656778465
1763.233982072691,5,20.603485992004305,258045.20720413432
1558.523176155928,1,15.38538732171671,209372.1962622971
2265.2794245272707,5,1.368731809619912,390521.2785341219
1180.4954074318591,5,29.780046614194635,185097.7439150781
2965.931848035907,4,20.472193111944655,440901.3913743434
1001.2867379353812,1,10.190751843003403,133492.33247538735
3464.5947288213965,4,26.498791139937307,528754.2411647297
2885.060877100975,1,8.494516988462724,439010.00892948697
1336.5323401422656,2,16.776480796299797,197706.44894276222
814.9097162337265,1,19.446052148164927,95594.66737049138
3001.745856828052,4,7.410837772158125,495103.24719828874
2708.5148283885665,5,29.37352108521728,384403.9942632451
2768.319353710666,1,22.69756527339093,363998.88686609647
2882.4299360520536,1,17.176583539821028,422933.3430655525
999.920559682044,3,6.237243347083726,135012.87787320098
1767.8574670695361,5,2.5618880029427578,311898.43424727465
1112.8464607178503,2,10.28173514310852,160032.33177621025
3130.3792498641023,4,22.842432741488683,435756.92738357885
2482.9049424344066,2,8.810607650758726,356189.17446931824
1693.4246671021529,5,16.647130394369647,268539.91743067664
971.6075457722638,1,22.110468125191552,132199.46074543693
1639.6522686322878,1,4.130367724747466,234627.945020192
1677.994969472217,5,20.873642467360327,284219.5884842117
2769.9366815127732,1,3.6642557435912964,419425.5752908637
2521.405172659075,1,28.9887625216829,356440.94489889493
3195.474404956082,1,15.163429771883248,446904.4690240448
2074.980297937263,4,5.369607123586444,339531.63868130924
1122.9044640334146,4,10.929125444972849,193947.09078180642
2725.7609255020866,3,12.989077029562582,409295.7755113576
2854.119631265623,2,22.987365321219585,421203.696990309
2315.44843343764,5,22.55928979622167,308047.41091739724
2881.6113858773147,5,18.7462746547826,493197.2693478308
2133.248110183855,5,4.071990664196296,378998.7273390889
2211.378639331384,3,5.395511776042534,347445.1357669222
1954.360749568084,4,3.7189506987211423,314669.7775662234
868.631642209057,3,17.73801071533895,107490.31267170957
1091.306852881922,5,26.437014803830714,173734.3078080216
884.8588013541824,2,13.580214855388382,145468.0238681977
2518.308110412207,1,5.66459704477464,373166.4999096838
1648.7611489060819,4,17.183227429320045,275087.5257368422
2173.1408661446976,4,24.540814289105587,298744.300408271
3250.429479600451,3,22.50964978387497,450868.905372581
1473.0890187019622,4,26.56207261057562,244106.03168905407
1908.0338921962002,5,9.059160820217167,329908.9344597666
2839.988074066231,5,6.624662150765471,490685.85084467026
1417.7550468273807,3,26.514678092316224,172555.10667172083
1007.8457565377411,5,20.06924907056267,142567.85750416122
1582.3289228671738,2,10.016938970219071,230143.2741004871
1235.297475585812,3,22.528093466602765,153757.25757388605
3310.1836613249475,2,24.63843314993067,481357.9871034498
2981.925024823926,1,18.83436896989284,404597.4946452743
2510.1901425781434,2,20.94863918651754,331197.84585234063
3152.9435935068377,1,11.882537228837323,462016.77281345567
2969.9146076276093,1,16.622174352948136,396443.1189217408
1303.7391589922968,2,16.200615951058705,147170.36331721934
3209.90929592294,3,25.593385942792384,462964.7671800818
2256.224053172257,5,25.358955428183293,302731.2962592678
2980.088418942969,5,25.147733611064254,462223.38354522525
3219.4465097934317,1,1.319916813611508,462370.4683167358
1658.6093824240324,1,22.73681904959776,168504.2935360144
1097.1401962247273,3,23.00161531321914,142691.86580445495
1415.4249388632425,4,20.672985862799113,213859.6591698178
1953.191029290892,2,22.931675078852123,276944.8055095683
3008.6398679907315,1,25.417140773404554,413902.0126321177
3123.9725747921275,5,14.639252568951784,468131.12865856074
818.770752434215,3,15.559456191164967,135957.9241013344
2179.017716959427,2,4.616707650430324,356822.01237264834
1927.0097085017032,3,12.175900608373492,270584.41248939774
1399.6910882709717,2,19.657590217441744,187018.36003257
1123.6364918009435,2,23.63159350827096,135793.48621141922
1711.5609627897954,1,7.299063833045106,256543.64840813976
3345.856200563802,3,4.996864075617827,517786.22609785246
1672.6479164560392,3,20.228218130514275,239083.1957659178
2200.7346787070883,5,1.0545166222224087,390837.47916645225
2698.1511890169804,5,6.172804944912565,420100.00647069927
1781.7999264240939,1,1.8430700299746583,288331.3116088813
3423.811623346594,1,5.839668417791257,534715.0612970316
3398.6076963437004,4,6.258259117839652,569957.3360856532
1479.812198728483,5,12.242534247761432,204619.4148310024
2142.570965909441,2,12.667486615910123,312392.63851229154
1612.371436505278,3,26.353611647696894,179846.48069332616
1569.0693348191626,1,15.79318166246593,165072.76310248606
899.5947578572385,3,21.9787382027563,123863.59822522274
2445.8237017457213,3,4.019983379688336,380850.55264547426
2157.233362717926,4,7.537723908447122,354506.5756262096
938.9926283749712,5,21.385359788381628,157800.72848122875
1552.3454534388509,1,2.5313148535873147,262747.1074708114
3252.3178921099648,3,15.111332205068841,488703.42791247263
1446.8171048008255,1,18.38170000422508,248726.27805805544
1191.2161546463024,2,18.46222367752195,167886.1729416057
2121.52245274942,4,1.6650515267732189,391747.8457502108
3461.256226098622,2,10.34113212264638,471849.41365901555
1453.5492330810512,1,19.458228880425466,216110.71779231925
2614.765977995872,1,5.32099234832806,387957.7022068135
2856.3729613875375,5,21.167053801513543,397154.8914165581
1441.621368779479,3,22.63183105559656,209390.44539029116
2766.1841412520207,3,29.477106522938215,379914.29738224036
1793.0144583419838,2,7.085417850835873,286382.3980185887
2507.2257426026645,4,24.928789362317342,386447.8118167866
2510.5302190544157,3,16.08860073064097,344619.3290616485
2246.591647001848,5,11.83041528818103,383626.29612301826
1043.7823791469025,2,4.54892596243016,167599.09463158937
3055.3167380909426,2,22.32966258813859,460695.00903122965
1666.1061754236866,5,7.839870375166925,280133.22098326177
1303.5999780796064,4,11.771238054318326,202589.3427526759
910.0928821978625,5,2.8137245800236848,181427.56398341103
2395.4109466082527,4,24.23964055876605,352869.5750013029
2629.4237769741626,5,23.23106719517766,384695.7361259344
844.7871381052116,5,22.274859071227063,122242.25795422193
2182.651257408059,1,9.683861804264714,293492.45431240357
1411.5385930344323,2,6.03092215371276,210976.04285193543
2541.9665341055147,5,19.489044669636662,405843.0919765055
1270.789358313477,5,15.388825139283364,207093.66999033192
2665.5318928766583,3,6.1693215402346055,437672.44677197613
1844.185435011451,2,20.891426860446046,251136.37217776405
3329.170969589183,3,29.742666522817807,441259.9524382756
1171.3065491941818,2,22.669368044519093,162302.74404122075
1720.879147835698,3,22.459605213882742,229740.19892692112
1106.3785073495906,5,28.55906983498716,154171.2906571936
3296.6727693521193,5,6.885154659672163,555482.0470331559
3168.816254128649,1,17.400948982721772,427303.1309594235
1496.4423948309202,3,29.40975473598262,198941.72550196046
2581.9569242922835,4,5.7935292181350615,414896.11320685653
3006.4999405432827,1,21.30730682389111,432378.8917424522
2299.0421913185482,3,17.988494233185158,355982.4075410524
2230.0565615612177,3,18.007893673472502,333769.47697221546
1453.0011854312197,1,21.232448198082178,178277.7884869106
1051.3774730759278,5,27.95889076339484,161256.2895151187
3222.4825464739824,3,23.6948762556888,492695.747402611
3231.128754340992,5,2.6279469990700903,528867.6203602146
2509.3739346378234,1,25.729112576395625,329602.7427544217
1715.380435831492,5,7.5406985678462455,299989.0733923911
1742.8658514541844,2,11.930510777354787,258343.39657081032
2760.0803329496466,4,14.390251594759082,398477.3582745728
3222.197701871958,3,14.94627402183902,488223.7232450653
3195.133345515817,4,13.620231578405347,465094.2904952866
2905.6639738155845,5,28.18324553226007,436972.71793598647
2533.485444616577,3,21.474551222256714,351130.85975984175
1027.177905486632,5,19.303948732744484,166206.28444123277
1236.3975280554573,2,2.4454188057053052,208380.6697208927
3226.096309023114,1,27.213486577550867,488565.5401172367
2437.358461080893,3,27.37231556824349,355714.13726138545
824.8320393649001,2,23.626178839472967,123768.42442063575
1073.9731657382868,2,1.2038469105949554,216123.23741343158
2591.4547765917505,3,2.661127281251077,423181.0802662493
813.6662763847904,5,7.531487365786203,162700.76273149013
1234.1817388272464,2,4.809132836202294,174174.57297515805
2281.5812312897824,4,12.566244861408155,354772.0963226431
2668.1170337702715,2,27.7560686845459,350243.66310373164
2560.2954006570217,5,14.68975259171295,396643.62791263964
1405.5271355435116,5,1.3886761665328027,295464.9855223105
2722.8838976383468,4,9.199624997784099,432325.7648341836
1440.5725362413602,2,2.293252342815885,213981.38419625006
1678.579185030023,5,2.0523410557915627,325172.8647367464
2815.5267938186653,3,8.995875739771016,453442.77711800666
2554.0088274274794,1,8.992757821689416,395268.878322751
3092.9032083342804,1,23.826671475446517,386159.5342372011
2575.554809210927,1,29.270204930652245,376766.23067476426
2334.4332290057737,2,11.765005722809951,335464.67806336837
1052.9218731358496,4,13.437719486970119,186621.9374522923
1792.8326682604707,5,25.498893652294623,318403.108746822
1516.0463927406586,3,8.776031582769889,282961.55070937134
1458.7720371235257,3,5.535072327699991,218194.41840367514
3427.128497831603,2,25.739599078705865,453699.7297772832
1861.363856600253,1,2.3485170067618992,313114.47645347274
3208.525698978206,2,18.971283765783056,466177.4035470447
2504.0742901926096,4,17.297792576537397,370997.929549775
2945.9905195624506,4,11.031692977549133,472259.5629180503
2157.1201513840188,5,10.14049611182341,350029.43893476715
2357.64048849117,5,23.38387405926702,370904.8078961163
2129.797773310933,4,3.506313712113848,353796.67472878686
1327.15606705472,4,7.866744970030176,237787.678684711
2750.6207112060647,4,22.241013223304602,390220.4264515727
1558.0853785903105,2,16.9012969280663,248399.45319506666
865.6531093649254,4,4.711658047474005,174377.11772443957
2542.775198949353,3,26.581932814179744,371178.3616021149
1278.1988343990322,1,12.409987550344155,154556.45151892665
3339.2381777528685,4,25.00818288434301,524862.0092271292
3375.607157906986,1,23.843677450303552,468379.3967981154
3270.133853595211,2,19.108337947680113,486864.37939251825
1799.4284906896999,1,15.339952807557696,242777.87871340744
841.732864627942,2,29.406974371070948,92663.76224569138
3306.4601189868586,3,5.203987099014694,521503.5906923875
1956.0972004567486,2,22.029516098982327,212956.9292304792
3409.9680114179077,2,6.544530342478881,530055.1035208249
3401.773938140983,5,10.809630054638102,577953.659846313
3103.1255297618723,4,9.952263557822663,496359.90752847464
1595.0120085878814,4,28.46404364442297,203169.5490215415
1839.7638672251983,3,29.05332915585998,260857.15309513756
3098.0690130955136,3,6.307447882807088,503285.0668021797
1655.6894139219498,4,1.6390196486276214,295324.703114845
1257.6304160524496,5,21.88023315023028,193401.553978806
2303.3634086375455,4,13.121708082244046,354418.11061466514
3327.6178902341085,5,3.576367107539367,537063.7542127013
2679.280451022427,3,20.828869061734235,404189.8675501198
2339.1651592412854,1,16.80806031956029,299116.17334587965
1062.376533181075,3,29.434987838032075,123049.04108398897
2460.5195120877584,3,7.594875379979989,415800.37251342274
3473.145395281511,2,12.715358413469898,548224.9977968303
1178.2268411386149,2,16.733828298467266,133703.42781782444
2199.490061382089,2,23.9592996651472,279376.63765174674
3168.9072942054795,2,16.916321044881702,456091.0404504998
2800.0752679363522,5,18.77410466499653,450314.8712027468
2681.9425006872234,4,7.558264496108282,390625.35902980715
2696.707026765195,1,25.560643114568236,362288.59508729324
1770.6261082933388,3,13.430285862143798,259249.76138812036
1592.697979514132,5,5.087829198131309,305248.3320165619
2985.275119791987,1,20.261449520657102,383730.1994480988
2987.306165633788,5,7.266623142373918,485413.4908701929
3141.09526016628,5,3.8293127969396923,505633.4746840907
3265.7494919024725,3,25.997620343723895,497263.16162346886
2180.6244769245322,4,14.34470567016475,350357.31312541536
2154.093995655439,2,22.729227668177515,285939.33082680614
2955.396983210293,4,9.427039234384297,481523.197879357
2554.902613099966,3,23.822133912612323,357814.5470735988
2695.310568595799,3,4.24614188362438,445790.8957469162
2948.640207477473,3,11.323227840050729,444908.03562380787
3203.014422907429,1,29.36379272123233,452817.9095690249
1712.5869234991467,4,24.025701774672175,257558.2740780727
1814.0739721278487,4,15.420421979125956,346480.0734747538
1053.7512375703463,5,10.853546675294668,185297.67217664255
2361.35638068967,5,26.29193530065182,359276.8323345758
897.0441392512037,5,16.800585013450956,141366.95602646004
2057.114648957642,3,22.99432551820422,292632.25312233344
2265.1405137104566,4,22.869122729168758,279996.1289152421
1573.6613807463677,3,1.520424678486263,272320.0380858032
2395.2498035363287,1,4.66135970098579,386822.235387466
882.3506748354334,5,20.129251625447523,150026.69806640706
900.8401096228789,3,5.686974527290272,127474.83822930377
3021.0215137810774,3,8.409306995012535,450298.8700229565
1772.5147318104098,1,28.45250067178861,170368.36588485885
1143.0633841600888,2,17.245285492872444,176547.41677557692
2210.056802147972,4,22.77115570298107,305835.94306204206
2878.982593366249,2,17.181441424696555,416910.3343512997
1382.7167742414767,5,17.02289482869903,220286.97503227904
2481.8042847113006,3,3.7304053936452393,424564.3726325699
1030.4381554831737,1,10.966232585663988,144338.88451046287
939.5406471552408,1,9.19049606190884,148727.9633515886
2234.6575052339995,4,12.331122602794784,361465.6558624636
2259.7148283472875,2,24.15198145850552,337841.4897343101
2521.060734045158,4,11.786047369589081,389804.5414775364
2760.446601051186,3,14.099207757718798,453260.8812523306
3434.8006145488434,4,12.52406032407418,490458.7284061919
2194.010940413227,1,3.7088311872835726,348833.44864744163
1671.982476941364,1,13.791092589272727,215882.79418937652
2947.0027258755,5,6.672668918290936,468850.07998914405
1531.2470784076004,5,6.414975577418203,278245.3959443244
1985.2228359052174,3,3.7270470285937245,331557.37232555
1011.8322296241181,2,11.343458250111178,161216.47821719683
868.4470072217352,4,22.966974658893104,96609.94288336931
3399.150719630398,3,9.016809026918486,550819.5945163075
3057.1463253829556,5,10.058123954679893,470442.75853353
2679.1303564529844,4,19.637565072500283,387248.68151844305
1904.1729499185287,5,6.679383565020648,335025.11012107454
1267.8946641912835,4,27.011779982282494,170426.21616890273
1222.3800152119325,2,16.08552517429508,177351.16874444956
1475.6558250444073,3,13.980485269286293,180255.38928543273
2282.9119947065255,4,17.17678556594684,353769.71706446976
2729.408991290168,1,5.814995089069669,412137.9961056302
2582.5329171378744,1,18.79072102053611,349601.32477432326
1555.8215217540455,4,11.529921362386302,208831.86634303845
3378.136257790624,4,27.01840388797395,488427.4656630135
2792.321675078575,4,5.896771993652898,446307.2300785082
2296.7559417807815,1,15.70448201209779,315759.8474363118
2451.646014832751,1,18.34526625170152,304332.88043285965
1932.9201685550327,4,1.9681244518050556,357896.4565259831
1468.8736716531253,5,11.547100617928066,234459.61895322517
1761.1262323584062,5,22.24642180632415,265231.9979826546
2846.184498253797,2,24.790947716020227,349156.2928816633
838.8624193003409,3,10.081697849701188,167563.0741696129
1113.3961293686739,5,24.159204899099787,159360.01097242036
924.2071334587324,1,29.064920435998275,92470.48548829737
909.9677662612194,5,25.849344146177728,157211.2255431605
3109.7435768297196,2,4.411675656620431,464112.1011168845
2699.876220326064,2,22.45217963048068,399341.9735356791
2080.269338535778,3,10.270338140775797,280273.21537999227
1064.152233757704,5,29.66406369295022,161314.44082918143
2127.3628628154474,1,15.075410511636727,330398.45172943675
2078.373781107527,1,4.55058305240929,301046.5641169499
1267.645048757041,4,22.030380892794334,208463.62793393547
1971.3994529425272,1,10.3673247532002,321653.72147885436
1875.9627828729083,3,29.915266555368188,246467.04755911947
2462.7952647409847,3,29.413691277781133,333841.3414385883
2514.752857342638,1,20.02788652259684,329191.2806395559
922.3208263845202,1,4.76496701959981,128623.58681477576
1811.4540594914724,4,20.918968932575844,253572.97325311683
2489.821772428438,1,3.697884107340789,358095.2756810396
2158.467898166237,4,1.8515606139693772,384043.7694312239
3112.5225712084703,4,24.865794940423097,441348.27529465914
2578.4728053711515,1,7.082835482826759,387775.6881344117
1239.9229531198603,2,11.991786660353824,182769.53835159613
990.5356179811606,2,29.23026430930902,140081.7053299785
2534.532051157052,4,10.768374553971995,388579.9339245136
871.5805384623789,1,9.598203657216143,129163.63438801099
2381.5940694383507,2,27.62803198906048,337804.44048315386
3338.6216518473857,1,4.211704914249785,532164.83009502
2353.780280264873,1,23.02788989332432,306656.19535217696
1848.058800757609,1,29.653901432930446,215543.1678731329
2536.8781897943536,5,27.137584312464817,355020.9387650224
2037.282804327095,1,19.89836964248635,320521.6737810563
2273.1653311530245,5,10.107763054789228,398448.722326983
3341.954983696618,4,8.375337454171184,523698.5447599094
1842.4771220620905,2,24.758398041272372,285483.5552493099
3395.2145223245684,2,26.514835504599162,474215.2394521738
3244.446733281372,2,16.237612463825094,488679.9944932262
1328.6360639311004,2,8.085858282807518,203327.13105850443
987.2755123629468,2,4.275353043924033,167496.7298016034
1072.1006037190518,2,3.5282045671231037,179593.9102742825
849.1989292591843,2,21.853245973261814,95173.63997482102
1054.9959940410067,4,13.183443107584024,193732.48365269002
2644.1182882241637,1,27.25543635405824,366425.9188791861
992.2093508426183,3,22.450467721076148,154484.35905427003
1661.2342017931555,5,6.546552119523014,292496.56973991415
3081.1633396175275,3,18.799545145655273,436444.0130157759
862.8342264867298,3,13.629658177546622,166353.5389490703
2999.0649029901265,1,17.74024219228978,419128.12639259093
1561.0078918881798,1,22.404004576816998,206624.51520096126
1119.0450345784718,1,24.379680549109935,141805.0212649963
2681.1903464832067,2,25.468382465795003,378390.2213652434
2498.1456863056865,4,8.365271362588718,416299.650645281
3169.174436523043,2,1.902352397603373,513039.01912957965
2784.6918182704917,4,22.439547319778423,408328.00804007193
2969.398512039091,4,4.083968061417464,509751.18752214167
1561.4933459425274,3,10.132668069776061,238620.5946686017
1279.0867682052517,3,1.1106968896060672,226376.60242919138
2826.6598294303176,4,20.76841498964698,414708.580763169
2978.453796021613,4,5.8468283326654165,461604.94228489534
3474.363883401818,2,20.003189881058088,522032.0245239739
1914.0677276608515,2,29.760535897867328,310027.02530191396
1804.4488316405145,3,3.107455276690472,287217.2164262899
2896.3149940033913,1,3.23526234659236,462283.1559008856
1720.1695586831481,4,10.871022687333571,269765.16217380116
3313.0447791296247,2,26.12520891328892,464496.5995057458
3117.7144299761317,3,7.250366194948624,518308.10755115596
1958.2838739125496,2,11.45095677798008,269369.96182941616
2827.351883037043,4,2.9866567921824076,431366.2874987291
2837.265760028642,4,23.131503446507793,417582.88413601776
1078.434445857018,5,12.840883940024082,199356.51955725803
3236.89284803483,1,23.018213258764444,458770.83212131326
2164.1814056092144,5,27.204627486057056,327431.53938312794
3031.4351584909023,3,7.750131265937374,469897.6508719921
1664.1339227826518,2,24.414484879858588,236521.91919735898
3217.912716939741,3,2.713722812269345,448986.013075523
1850.8445325822404,4,27.066574257227174,248477.42527112685
829.2616589968055,5,19.87228787920367,132772.4249054445
3244.531336332012,5,26.352575000012195,498065.24643182755
1046.4740273225607,5,1.005463587140875,234755.47972547368
1662.14682149412,3,5.903351040323783,249813.32698012766
3365.1673110371735,4,12.303022235368271,549310.6246955708
3366.6392967314014,2,12.005584197866838,491933.4927299492
2348.2822979328726,2,7.57518110478181,354493.7868207536
2505.960472858458,3,12.066746256148804,393389.2287924234
2010.8029093414634,5,4.73661264800739,338082.48951906926
1591.6690835847744,1,12.970072748714756,245012.569173613
1687.3942724987733,3,24.26827554561866,226480.5068813158
2615.7998314080037,3,14.893031829997184,384793.2112255995
2831.411229481736,4,1.5220025794112346,482707.2783476246
2937.263418059791,2,13.221877205798176,418883.27053201915
2931.9689855452957,3,1.7880754666344807,471197.7788048586
1046.256478231464,3,29.021058910497146,95686.70055984882
2134.93482269697,5,4.6961648232632,397240.68079924287
955.4086520449396,5,21.522961463587944,174396.41360430056
2283.7279822740857,1,29.21051336387049,349140.3146049869
1992.132353708118,4,24.955132498330585,315676.86268848425
3196.8012934474095,1,21.280145878659905,424366.897667782
1747.4705338906124,5,25.34436637552224,274804.84453575924
1116.0809443545359,2,29.4721621045582,110107.6421996279
1186.077541542657,5,19.01899042035236,221434.4005317558
2856.078705637175,4,17.216359398050468,411956.2812899239
2469.188770953905,5,19.21890520343516,358957.40755141946
1073.0312255315337,4,16.447600716085095,135863.25332362612
1027.0883765104932,4,19.417584071381846,145460.49190855023
2692.616654939624,4,14.045424031204218,402012.0936828637
996.4601171833225,4,7.334852303615906,149566.33085348125
3019.022160083962,4,4.487169568838594,523675.1669597876
2706.8540133225397,2,2.9818871304355516,430661.9416652428
1019.6417077331294,1,8.636157728842802,153918.63149941806
1029.0618280300182,3,2.3375833657362812,211467.39585798868
3463.9268619531736,1,17.44795261766218,499818.2798985104
1810.531148541525,4,9.231024963682088,278144.0183237618
1800.7337970806054,2,24.911509434523932,206282.85584268978
2994.558831595257,5,3.152985316663207,476776.70625909406
3357.5711589364187,2,7.564193335903092,538615.5991788259
3462.2028723217513,4,22.177138265614232,489869.4320033111
2834.1211001991423,2,18.36544059512125,415449.8285995864
1815.9008809334725,2,2.8702468662258585,307323.14126928034
1025.4519350864057,4,26.43994425770381,146644.79855641827
2898.2966730040794,2,26.440591121959205,409842.98528250516
2307.691474286674,3,10.581832112397441,368102.1351756747
1945.399424966836,3,10.871769457137376,307651.99226720363
3247.156839755787,2,29.68182239215504,479891.36462852365
1100.2332022266087,5,19.159108976201008,155910.92781703707
2130.08778158532,4,16.408179096473717,331505.30658162624
830.6548408720315,3,25.30641332300581,67620.59080485019
2065.383733384141,5,9.273419812362176,299785.7966391661
952.0188443409609,2,13.44629520849435,134276.81561711576
1120.808373923794,5,8.765523589161692,211457.80028914087
1117.3208662981833,1,23.885664551073212,162440.15638733236
2552.867815713372,3,17.62713102342132,426071.74497037235
2814.3211740166425,2,20.105927034062045,428333.5354476819
2375.095665762331,4,8.31691024534279,394173.8442616246
3397.8658808812634,2,7.386533739942138,518106.11176778167
1812.1505647140011,4,15.162864240505222,250872.29496242222
1571.422632961024,2,22.389406723691977,208013.84938193366
3145.2176461115428,5,16.231952968084645,515126.2760057267
1403.708764002522,5,1.9467246488243894,274628.50242329034
3400.7008564896505,5,26.187993683288376,482002.45817321195
832.8170816625042,1,2.8759199119388157,141451.2353706676
3418.672832110625,4,28.718910027901813,505930.9609981445
916.5317622665555,5,1.729116790040909,191019.33316219624
3206.086406984792,1,21.139063227790555,448077.72348459106
2224.7929945330097,4,3.384004847641668,380262.618823552
3481.004949522111,2,27.40962080361905,501277.7615993266
999.250724785577,1,14.46856385054074,118121.30570812697
2295.406567883566,3,4.988189469693446,373434.88747078995
3417.116846171567,1,10.883655293905552,497012.3135229797
2212.3641792594017,1,5.7799155850560995,300550.1183638732
2499.3763229652086,4,5.946875435155611,391780.5568737068
2678.5214602584665,2,28.495141284971822,333514.1427619178
2027.2608748729876,3,13.912137256258857,325866.7274198325
2494.4068162269714,5,23.87526565325543,383528.2786786213
2377.648642192371,5,19.548561274152775,360440.36155643116
3233.12662832567,1,20.616364507813376,482146.6920989967
922.7052269219363,4,4.819109715689117,170127.38275853553
1558.6006118990217,4,7.791348957649085,229582.9387502176
3366.1110070067084,5,23.81575971947867,498495.56080837274
3203.712216505474,3,29.152219987768706,484909.4762457495
2030.273232521425,2,8.617593635360901,293916.28510570904
2474.358014064149,3,8.875494177780155,388907.1395292186
1548.9291940490582,2,14.71401685151624,237788.877894619
1307.9271312541555,5,29.531369072807696,198925.3012336068
2051.9856933379515,2,8.799809428967661,359187.4311219194
1754.0510156703426,4,12.802185379393652,253977.2164532987
2375.8715019973547,1,26.852920453081698,291145.62278278376
1009.8835198054591,1,1.0847099460194982,136118.0191367372
3430.8659806986493,5,2.153212984668517,554405.1027151227
3462.7690100949276,4,18.518078635065358,544366.7420077574
2685.036627853312,3,27.314024776672564,357492.7530287215
2247.460189129125,4,7.926843151655902,383532.5521849357
1635.724563973085,1,14.619611465740562,226821.9950630364
2997.2465532087613,1,14.06349374807673,409280.06162094226
2648.7741658954737,4,14.716169036769795,372856.3876794243
1239.0657362312065,4,19.05307117616261,157202.30820616923
3259.5033981333745,1,14.622569126729829,456363.3033018681
3020.8505558925563,3,13.976576098351277,451791.4076723145
3364.459765888195,5,14.754364192506555,552081.4960328252
2759.4426726485717,5,18.135155796860204,443627.8535473302
2456.2210290266326,4,16.573217162189394,358507.89498801006
1929.256197984671,5,25.769943931864624,296021.84750141477
3318.366905055836,1,2.4354087513163316,535915.1436395876
3138.3725016511025,1,25.16619507271736,467901.8335228314
922.0904092867114,4,25.473813765739997,121077.8136304548
871.1908311425805,4,9.262332624397864,171319.72801669137
1816.4510905707339,4,14.422706695459668,311421.35753244726
2988.493993110949,3,13.717616167585629,420697.42816790333
3465.6455491503502,5,7.336785196269778,544925.1202368189
1206.125605979526,4,12.507108565503177,240304.9984543878
2404.1529314507648,2,2.2872453929547785,370027.72672928707
1828.4053129037582,2,9.056840110670299,217568.08942020117
3418.7688740994286,1,24.683783088070825,471028.52873103815
3073.7210924664137,5,9.252306751124028,515046.0603500312
3063.4875027200724,4,24.72799339369918,450197.34735663043
2065.4715314464197,2,16.416384473528495,311295.2397059186
1920.012656311696,5,26.51601764347364,303734.30311292177
1538.1990942129069,1,17.668607073668042,198293.9009559543
952.2138409575032,3,1.8603784688774547,158723.45947758303
3134.7504158886436,5,20.587186018865587,482107.00986465084
2994.8327246512094,5,2.300753472683491,498178.98021091206
3499.237717872553,3,14.067313550510885,527832.5669768006
3490.9194600995447,5,27.953374139720307,519634.3011891403
2299.665605127094,1,5.790914240797655,328397.089595054
2876.2660209873784,1,12.306298235304778,431833.0448791162
3350.8674706825554,3,22.165948956605874,500282.86163143086
3094.047954829011,4,26.58549812675058,424216.0296381413
1467.8398747066335,2,20.45734713753273,191478.04058921023
2016.4691653372524,4,8.487024371543907,327357.92350828904
1148.7304209090364,5,20.563627734570268,170496.04762169142
3375.9377735985504,2,9.60510159201861,519927.90240750124
2436.671513017376,3,21.834447664743323,350494.180853977
1417.3355748593494,3,28.666960699966175,188647.8654180738
2613.591847895813,2,21.92041008208236,360183.77087054576
2468.9462492363186,1,26.02353458445996,288430.4917483156
1767.0393386886694,2,1.0610114521006189,241926.9114678502
1106.6054989389984,5,21.80959161721624,184163.83254025783
2613.247628100559,1,25.05803914909226,357209.3074466872
2204.830792440242,3,2.176203388795761,365145.4562154665
2885.259657686226,2,26.276334091358688,402925.7373114748
2204.4414530023823,4,8.44413262099133,358069.300775845
3100.890050860058,4,20.293470957363603,483927.0331866573
2290.1484646911113,5,24.21029149167879,353994.07416833733
2314.5325231455427,4,20.21727087872131,367563.523720511
3166.9647271775316,2,3.6762589701244597,491121.4279609127
1889.403738773472,2,18.29332404695068,260816.27791172406
1161.84111681673,4,16.937926044942166,184284.37267575008
877.7132260460153,2,27.10931677415387,80714.79272884861
2838.870590318771,5,12.722952159682066,442787.7456502134
2474.8357886543545,1,10.311351815524453,364154.09083990497
2701.0153738679037,5,22.74567216865752,412947.3283808908
1375.003236074059,5,12.967584456418502,228186.9388982121
1168.2029840842783,2,19.736789075146827,127993.17525886398
839.2705973032812,1,19.7470526136136,109124.67529667926
1746.5864087778118,2,26.753132866443416,245166.26371577597
2392.7777545075096,3,18.362079667253823,385066.31374666357
1859.0589217692773,2,15.562454688897619,276569.448819371
1981.1822894640684,2,5.027268465498993,307152.04317244195
3241.228475133121,2,4.356390593682455,477210.89989040024
1740.2897609629108,1,5.475325393209302,289933.1707452391
2187.771620731489,2,5.983605958485741,341155.1907302323
2915.8631344010864,1,19.498435687245383,412250.0622621813
1870.6655122674294,4,22.488456257962778,270541.79036061186
2479.634090615258,3,16.369754164866144,362846.2139338592
3128.382013616212,1,25.04151424381924,442939.60823581024
3363.705683875634,4,29.746633575275364,464633.77297762246
1197.0983985084024,1,24.780366244461323,172512.6644705133
3301.7865879360347,1,21.151588836602816,491115.339667967
2128.713991314753,3,16.44228828367725,309341.2911925166
1497.2598484071875,5,14.01673907856654,229278.2077864842
2039.6665418433056,5,3.447379035791728,308751.1034378041
3446.087953270788,1,12.581693703446037,476721.5281340417
2130.068853780748,2,27.393904466681892,299320.748991406
1687.6293477762722,4,24.432656267290035,250585.92680987387
2510.1823066551597,2,7.265489585338929,391869.43813371786
1448.3931707011213,2,14.53162575621926,171284.13138624644
1004.8309858933926,1,24.684972874197793,103438.38973356002
1147.9752491587528,1,2.954152088780153,203633.43932189426
1145.7237651859855,1,12.23438498439112,155469.24670272853
1210.1372724831947,1,25.703395869344483,114667.90444131051
1174.8333661534075,5,12.713038060933588,198566.88218428593
2530.3618109686795,1,3.250824697211785,367632.27388357336
1291.076227877691,5,16.73349668743529,216868.02200569105
1733.3016649744307,5,25.990532352630566,258425.09261865774
3221.328706746232,1,18.11828074564163,467828.6778022974
2079.6964287097553,3,7.562094138212722,302471.8034947356
2602.4058940067735,4,12.14294898398406,397100.6547597459
1265.2636522444004,2,14.053577474276034,203491.07971609017
1319.180350783411,5,17.79872426079528,185194.00300721146
910.3452639194929,4,23.02117974682578,110447.18977347281
1256.1246702948442,3,3.8673349115784266,214669.97692091105
1552.1939153862882,2,26.799908957509423,204963.8661746002
1277.9283075472163,2,1.3569813874661922,199198.28650229468
1039.4968411440502,5,11.731517705553403,176892.83310772374
1125.7168519716222,1,1.7951889892070718,185931.661048442
2044.1026736883596,3,12.396252535013446,328815.5960184244
1357.1010396956399,5,16.24856536732639,199683.591913898
1783.528624829804,3,15.83876021086384,273138.1637153019
2159.2266313081136,1,5.803222063819695,352517.8705686921
2664.066037299286,1,19.726474792772756,367839.11478212476
906.1427775709672,5,2.2985750646353784,159727.48343060393
2958.408077054415,1,23.095297783840046,385048.77781393786
2495.331051625451,4,28.45268858581284,354179.5317459547
1020.7493862619542,2,10.853295987382419,172122.76206188067
3158.6622850882986,5,15.999942069715626,490984.34162688116
3286.3554814358954,3,11.988398063705617,502761.16568609164
964.9104916081321,4,1.1946013188177387,162420.53746010826
1547.5696499974501,5,12.190360583958363,277417.07899123174
2976.7434554412657,1,23.95988751857905,385678.5718557247
2820.3011640358773,1,18.283676423320973,386387.892073307
1298.2067522622187,1,3.936537523839609,209456.23503257945
1365.243173009118,1,25.567045201119768,122863.75558272953
1800.2746775367314,3,16.40147500167204,270717.47462087974
2108.2120600157577,4,25.409977490595608,284630.3826933368
2469.2878831317994,2,17.82642404476585,355071.32235842047
1796.0668268383856,3,17.230964900300258,257906.9820709186
2048.843733559499,3,4.052516370713359,371338.2237994679
2818.1715329611425,2,5.8534322610202105,423156.44163813285
899.0446478046143,2,29.188732438401143,133332.2597515567
1481.579749728856,1,7.626115655888352,228723.7769712192
2726.0438818882913,3,29.346111421720668,364185.1800252078
3217.058461755438,5,16.425468489203638,506324.05079010356
2181.5290937122986,2,4.937882364854177,331265.40440038015
2236.706410216352,2,3.8797638798570953,352589.58358756336
1089.3644306173953,4,7.057058050466459,175012.72874301107
2008.0133904233276,5,27.843482570734736,329318.5960889488
2238.0666194285623,5,13.010356505518576,378197.2417191817
1454.6703598137701,2,12.467593771794517,213900.99779170827
1526.9567235633285,1,10.082981571035047,253459.84075381985
1818.6672403824812,4,5.264793666431063,303756.083606167
854.1922339998612,5,15.147684718579786,169785.9649600429
1669.6137470745814,2,4.7713856928230225,261665.30242598968
1370.9096188906706,5,25.2289268550875,213056.34101963716
1684.2428508803696,4,11.741512601983889,267524.6268092321
1123.3577559119783,4,11.869303465672095,186671.08353293128
3204.4236579977164,3,14.746186426011521,484581.8130553944
2402.6996245959317,2,13.879703681806797,339250.89967600827
2633.576261690122,4,29.850881218720325,367313.30347761593
2930.7623442398135,3,16.816052515330774,431647.14627558703
2145.793937108455,3,3.55784940990625,349347.6120825017
1034.6847778360438,5,18.599442905730967,167392.25047387532
2250.187662910079,5,5.395944493226518,400196.91112657293
2384.4710186563734,3,1.8971916972089171,400818.635783631
2812.686580297691,5,29.151522456640198,409673.39101086574
1965.4807748201345,4,23.432627854502353,315592.5384630543
1144.4668175480222,1,29.42316077999924,160284.113543714
1566.1949456565562,4,14.85847499264503,204335.76596475104
1780.3222002763148,3,16.435468403320307,282823.1949361322
2543.976551595323,3,5.8817717216547765,385973.25534935895
2341.101422606062,4,8.160315373359982,390859.5430706553
1761.4611599241848,5,25.31792723218202,288348.07833719236
3463.591171741045,5,11.329383766410231,529340.0563381253
2435.5920122635953,3,24.97763424009615,308336.9913790318
1440.5123376871852,2,21.561398004323923,209662.7364087472
1074.8126760750902,5,6.137956832884099,201654.03739516757
1212.7196757976965,4,15.715944617472521,157107.28705665687
1464.0858666381719,5,20.64423232404279,278915.7054568967
1233.8397078008002,4,7.816079229310928,221932.1859566292
1303.7309649385256,3,25.08996680508223,188781.71193311745
1569.7569554733873,5,16.800002068810418,279179.8942346282
1268.108707295838,4,5.792019462835493,207015.78811177466
3221.2666464913477,3,17.90654835877347,479985.9824979288
1016.6311132864339,2,29.991700320521506,86124.82807632683
2216.1807518396877,4,5.365123258238993,349537.8973137714
1908.071432872086,2,24.685950973466316,264552.012993265
3452.4222656532374,2,7.011961092439181,490533.72432045825
1102.5050358537414,1,23.689261554342533,115271.44135581452
1874.2101174235024,5,22.302759770520982,267967.318873729
3417.570169843496,4,9.714192182412539,536048.9860241062
3136.8692399137467,2,10.448870409369045,481126.6704016309
3006.094591563056,1,23.983120366924656,427791.00408813823
1496.3376330213375,3,14.381919844732067,245663.1381592995
1261.3964859531777,4,22.193722832642454,212264.36415913916
2605.3366937959636,2,5.291540273609208,412362.33259584423
3309.3151706444814,5,25.72417567514505,532695.6422242704
2303.25981113761,1,21.615656783787255,314647.70852836064
2343.3542615687293,2,27.301341456210185,313434.03323787806
1555.943552882767,5,4.838798992014201,285860.0822155875
2877.6309196182297,2,18.19742051045733,410921.57342196803
1305.0181211053132,4,18.37449696616943,236055.0188089591
1673.933938291458,4,11.25036147585669,291209.0372547095
1948.6783842643254,4,14.295526312508477,318716.26789862214
2170.548022448029,1,2.1014653354057504,334007.65957721986
1454.5062775207166,4,22.629941120183346,204766.51595944352
1110.0594267958495,5,16.930351902692045,196674.71030534856
2448.674114592408,2,2.6744905042060396,359410.1871435099
1579.3024937486907,3,20.74192089585408,256098.80293941582
2369.343197841053,5,14.536680239704449,372775.38508904167
1216.7793312403462,5,1.999376523325,234620.2813042165
2099.078275008007,4,29.118624078594767,278432.4715701458
2237.991467889282,1,28.524252149593774,303109.9411465892
939.9235494205527,2,15.874170068268729,120165.36001977886
1708.8315511235855,1,3.716500200471396,271876.30807369703
1162.9196277352305,2,22.884015426359163,163817.78268711403
971.1124202764729,2,15.266001903066142,122182.21696356783
3472.892627452852,1,9.770976870392017,488921.35795886395
1670.355381431752,5,15.251127148328147,300689.0512489974
2986.661003807514,2,16.15088021675847,431851.40945702855
1487.5297678621623,1,17.318639271647836,202989.16295694147
2640.0573500046094,2,13.79548769600447,398126.9176016173
2852.6152217021536,3,18.566903791032644,395684.4730752933
2408.2245996411793,5,27.643306607584943,365200.39946740476
2073.2557090854275,4,11.505774525859144,329959.3380341886
1911.970468197625,2,22.045777433378525,249833.40140879882
1741.9443196660873,3,26.939124147902735,214282.679957353
3309.7286894691297,4,14.22339899703817,520130.2163854386
3042.6724010268686,4,13.860219255075219,491234.6618077774
3405.572658799584,2,18.461392575288606,497484.9240172165
1135.6025034109707,1,18.150796023252155,115349.47662814755
2773.3421830498396,2,24.391090927462034,366072.48925905727
3333.5192334168023,3,14.818018129570488,491749.3745668983
1289.3292786472825,4,29.887565539543793,204916.6555412198
979.5399218902992,2,2.7246754971511424,156546.62404726507
2801.0257530831595,1,1.0918676088403503,418598.7492888293
2351.077405585762,2,19.56575103522909,300060.4127738838
3072.9376972473347,5,9.654612458494425,478497.7338679091
1177.3854168909816,1,7.97108927228503,146006.90690926058
2947.2217420217034,3,10.045073320124134,431929.51804455125
1344.3937641289103,4,8.425379388043675,227207.31944642405
1241.8710457374023,2,1.8929114401529876,194471.54986808082
1243.517654413681,1,29.174458229327072,172168.6207568249
2999.3517446247315,5,7.40161916513067,506659.5908175979
2596.03249587974,1,22.286863115089883,342653.4693955745
2212.276646876622,5,23.115295446131082,317274.5493044209
1768.8423071334569,3,27.94846454220965,267082.2556988831
3168.441460195392,4,1.8859342557080192,544695.2003075625
1859.6017900411155,3,26.289401814963224,212476.50000533025
3004.8184865732583,2,16.28955924435421,440000.8069767144
1985.6642531395896,1,19.34377918900901,264124.5134349859
1817.7499594472506,5,19.689638036509976,296265.6206452664
2049.2354213079375,5,24.7741363445571,346690.4029903065
1613.7202602431835,1,10.668812342614205,221039.27396469316
2818.545326475878,1,22.25848450593981,347050.8596662238
2157.3450532496936,2,16.328765181943716,322524.3816265519
1426.9742768964068,3,24.008426414855084,223828.5700768349
3228.8513478413347,5,29.72583495033387,468800.836645137
1836.506297707671,2,6.818879504709075,267737.4360439393
2267.5927250077693,3,29.84481060523994,301704.0994331315
3247.474699604277,2,3.604552474200446,516916.20733486535
2485.4425889677786,5,1.067208889239602,411592.751740988
1115.624709912583,1,2.2806961491571065,179357.52019543014
3337.5467337563828,1,10.911689737366089,489364.6889035241
2494.8117432928284,3,19.35428358967459,364005.6020661197
1704.2451595741327,4,3.001856685747639,303658.9070996693
1176.0345961911457,3,1.164308621357451,194504.97418867308
2943.868011029799,4,28.175639825305048,416617.1908002142
2474.196441006987,2,24.83587244225796,357409.77826652717
2240.3449483360682,2,24.4663119630319,287380.61184097343
3213.5099742375855,5,26.648303989557338,461125.4843400766
2929.212470306233,4,21.30099391039103,411573.5968982811
1209.5221752784282,5,4.027719762694362,240353.10503190657
1641.6495830479803,1,12.573905454137968,228994.88718729577
1470.9206774990575,4,21.971335107474257,190423.1284883288
2808.654989946228,3,9.129699362954106,450115.0210122074
890.5375737866043,1,20.934784559950888,90600.22371658016
2338.7021491525547,1,1.710454999761918,339950.85079662164
2858.6384514998645,3,9.877982885508203,435126.23077642417
3167.2672192567234,1,16.924779752038006,480814.99557379034
1723.62072153295,4,19.330605055681026,251982.65418864906
3017.3947226144346,5,17.734179269395415,478647.62713568605
1098.7056897790594,1,21.234932006129455,146877.58986361907
3085.421187683199,4,1.176573698955333,509325.49671469734
1144.2193882963525,2,3.927294799348123,209199.75163924188
1872.6756845129917,4,26.199383316095208,254360.26595211274
2952.697487604795,5,20.770710678614677,430496.5049224831
1204.7770538416892,4,4.275017637894328,190907.1896799648
1418.978767128132,3,25.420158684558796,189117.12939410636
2750.081934661279,5,8.02470531691244,427521.94640855637
2744.0986486744005,2,14.869536641661481,404826.54225514363
2531.098608790303,3,5.210698873655148,400783.16196573304
2673.66080006117,4,21.59319163622949,418234.20280043734
2265.3559970385095,5,20.338778209413768,354948.7293016697
1479.8574590487724,2,7.122261663817949,219411.058412451
1733.3791824605823,3,26.038622238853055,246146.61698003492
1290.3138353638492,2,12.637874702371652,167667.44550187525
3252.8165156007967,4,9.482937641051512,508193.78829753003
2375.1578458685253,2,5.417558094471528,371826.5853632474
1882.2988252618277,1,8.718872362950586,277493.4310263755
2047.4156698391582,3,1.638780715490693,342136.09094361204
3357.665016951901,2,17.914467281227353,474939.8976660747
1214.0487884134166,4,25.42469164397449,194298.5630302538
2382.8205464453526,4,16.920433033807612,400025.5948871018
2165.899432988058,2,7.358944895792396,298113.50225945195
2450.9264356735493,4,1.9764061682023089,379374.1930955428
848.8974963162693,5,7.224214124505282,163747.85635891755
3154.734554149209,5,13.067521414061677,491944.1206832005
3316.7193627057536,5,23.028731432294098,539378.6896567305
2325.859595690864,1,6.447442723595449,350379.74037492793
2680.957224467609,2,21.873952147285898,406246.5844500888
3290.7483291786984,1,26.141070582204627,410347.63048332353
2709.544312646176,4,14.164458595142355,434386.1193732887
1211.8554158685056,1,24.821527757635206,127824.920479839
2355.9785724503954,4,17.085063093017773,344595.8082891306
2438.130625233711,4,19.475634275346245,361801.16470612166
1945.1528125164423,3,16.26207534980788,260757.0983832287
2788.3994361867517,5,14.432008785788911,448251.608362872
3322.79093987634,4,7.804949811499631,526623.0406927875
3299.034984848296,3,9.792627724370336,510593.8372422491
2017.2663027911567,5,9.409133449364662,351512.29896260233
1105.7427237700392,4,17.335378997660627,201486.2914940677
3459.071237198303,4,4.478657097692808,542629.1504026088
3065.024833404022,1,27.58695903036772,424126.81974459736
1136.5892392488204,1,21.898999213210285,142550.15162760208
3286.273083066905,5,12.641923296482615,525209.4059936494
3148.7201775677463,4,5.600100191264961,508959.77954195166
2200.8627542403947,2,26.57777292192744,328783.93418350106
2396.4436765113087,1,24.889564612933793,310493.8848810429
1877.3073004493517,5,21.9299250287982,257221.5269457327
947.8564248194846,4,8.874864374926029,150471.2596007529
1705.0325524439324,4,12.670952485576398,285558.3165661452
2967.7043112146307,2,3.9796993211202776,457662.8382128976
812.5064621124277,5,6.482146217098419,149559.6900727674
1700.4477635660892,4,23.707482482185252,226122.25420235004
1875.055472695547,1,21.73612284666983,252211.79764560302
2250.968127932392,2,18.211087126302107,334113.17044273077
3283.6101643144534,5,26.976075051859013,494706.8156453705
1735.1341847880954,2,17.914729016578317,239374.06306195873
1736.7736451198148,1,14.54207199894471,244364.728456032
2791.2533698963207,5,10.870751642867118,449763.3615298622
2020.9884404024792,2,28.273006666349005,270396.1913520271
1406.4330219379513,3,3.398748384206251,210481.3575018978
2021.5866935582721,1,27.995733789763445,261193.06346651152
1180.3139550254596,1,24.97472513799953,128285.71360849598
1276.244863566803,1,4.767967811535337,212713.16603214495
2145.5929863965953,3,17.384546372582353,319728.22804933006
1931.0987136622794,3,26.129891470723518,284114.6085443527
3270.08393288387,4,17.582465744607457,489312.03070237057
1778.4635276149093,2,27.308794825258047,226837.66273949112
2367.5885457507175,4,28.346530687665233,368330.2454124038
2507.113577382732,2,13.249151143344871,378295.4380890302
835.3550327885008,3,11.942096180783384,117128.77190859357
2591.5509044451187,3,28.153313465105548,380365.49750896625
1280.697110548329,4,20.579061773340374,180280.34836701117
3394.889857167529,5,4.364657759096909,555018.125813166
1201.389364933405,4,2.226460727457755,252488.97590228333
1919.485134062964,2,17.374242478920632,244548.63739884226
1030.4441038123384,4,27.974957997714313,135101.0611410914
3491.560479984058,1,25.483212369768733,490933.0800761119
2155.926527894355,2,20.599584647465758,317483.7765825152
2407.5395467641183,2,5.034359617841538,346237.5346317172
981.1064889487542,5,8.372710128712171,149704.74771338844
2824.89327007778,3,26.38982557002587,422769.3264114238
1366.7451013580817,2,6.301409863050114,198000.64834153527
3224.746581489927,3,9.074742839262603,480316.8513850175
1353.8770293014195,4,4.758418884667817,264569.71008132066
1314.8568457918998,1,20.60713871101792,167408.29574138558
898.6841031898562,5,28.37548685553308,129576.40632104376
2074.580751796998,3,8.800072916266192,319990.9780339867
2325.0710598090645,2,14.786791627652137,314707.434381192
977.4133264565514,3,19.395852451624926,151334.2330531206
2893.924565076529,2,29.98452119825329,402308.6528034852
2023.8798538196745,3,4.039433884929592,328876.93680988066
2215.853727184466,2,15.458553185665565,319134.4919208136
1990.059416733216,4,12.1684834771725,308325.5525688717
1882.0602643633802,2,26.1087847914483,268341.1378625587
2311.028894532188,2,14.80306419933802,334222.3445170303
1219.1486640129237,1,4.218348212969294,183154.3824053222
1291.205952337232,2,19.398300213310925,185482.15552163843
3126.821176736497,1,23.352637929652513,436477.1192647772
3354.5117477608082,5,1.083556298302823,583855.1707183244
1807.935153955333,1,25.909743877198256,194143.44978943735
1531.010617487595,4,6.394667000164303,262860.4073901559
2538.7987667453426,1,17.010011574947956,342687.6762524621
1903.5822619648602,5,13.058127519936054,290579.35355975834
868.5431602829311,4,21.869960681705383,117400.26855814194
1221.612012888714,3,11.763686828786513,190808.0164453693
2733.1250178879736,3,26.223132123769613,389503.869954125
2579.0946431574084,1,22.184394467804918,322149.28322443157
873.1591797594054,1,19.783681960824723,90584.83644870498
1399.3248372189635,5,24.090977271322775,217341.20206972817
1423.9019507877929,5,22.866668012923085,200313.34757664968
2614.1104077165664,2,2.0422215727250466,385736.43991770456
853.2184519367833,5,12.447296261500016,107965.52911765856
1081.0931713583493,2,27.993411622178204,112913.28349188881
2959.7734305076115,4,4.64600380077456,451681.42299557634
1282.0705875467008,1,22.375799962529484,137880.33054474503
2562.414491200062,4,29.26316252872456,360399.44255696714
1443.0935088261617,5,2.513760242304177,249439.92830845792
1068.491760450232,4,20.783622538171702,135381.7611140053
1456.564915698526,4,14.576470097729882,187014.96585465458
2750.1207160102795,4,17.796082405866944,422972.16869276087
3110.3804638869715,5,3.4748987580454207,524663.8163431244
3041.593634330877,4,2.247201604141245,483809.7423614616
1872.395529969828,2,20.33913315597673,254865.54925443517
2603.8298687407446,5,24.87597346480082,390878.7436952325
1353.4575976227165,4,23.678444713056052,227237.4217495404
1591.4988717047358,5,16.770366108120882,223829.94266295317
3220.106710007023,3,3.896137812949167,496933.93635770376
835.1051934789873,2,20.9532888712444,68919.74199670492
1030.873033307064,4,8.014777623070232,185847.7689246303
1361.2928888942738,3,27.420992380254123,176472.78069787257
871.6369504593132,3,25.309695426825442,114185.99397396765
1289.8756747424527,5,21.572106045534337,203399.59037212076
2374.212214618169,3,28.51653271910278,348912.93182859017
1937.8462865997444,2,1.911232823826915,317617.1366336771
3210.2136199078323,2,22.3498123267621,473442.57748585235
3007.0976166937903,1,10.577040600755755,418599.8675046182
1722.9068495842653,2,27.27591068490459,247747.62336733346
1500.4432702644897,3,8.733580703197351,223152.07434349877
1825.1695020516206,2,22.020838480135495,236436.35749499247
2393.796344789981,5,26.45176356987266,361582.77612581174
1523.7718302217659,1,2.20804773309779,240188.04432805485
2485.202051192662,3,12.531779808169047,356279.6120179116
1905.4114609163491,1,23.10696192863622,246132.209444702
2290.5273883003465,3,14.192647795720026,374958.5189910015
1977.5416286653551,5,8.750326264014264,299763.8605410929
1595.0575507631777,1,7.374355115872511,264214.30720298615
3360.823928797823,4,4.814029740574959,529661.5608101938
2861.7356442313544,3,25.856757235832184,360791.7354943357
1178.3055745694219,4,17.685306694295125,154040.58812716493
3144.8635349243646,1,3.2151634047522233,456029.6526744464
2116.064235273687,4,12.094829383548428,320741.3905083013
3215.291012614047,4,11.664275873348187,496870.83497290395
2959.609191057751,1,6.270436530574426,387330.9030022824
1948.0764620669304,5,13.62972113869353,318688.11488220555
860.667132464317,4,10.630881596400958,126736.49651034796
1525.4288703393545,4,10.912307459273293,274800.16706437775
2262.4123795843407,5,22.4317701758508,339094.78217107
2510.391193530598,4,7.474638179650693,420466.3261049429
1496.2967506696461,4,19.613938806805308,247423.61458512218
1176.2613999966252,4,17.548839092547112,203006.99668372388
3054.3116393581076,2,17.47468285779815,431869.24532887014
3457.8858878995907,5,20.2272130381115,516644.4539542891
2219.3634922172514,4,16.903079049673963,334598.8997474735
1263.5340717904194,5,26.498398330545154,199258.06161505112
1535.229781602296,3,20.591822666557533,208886.9165121461
849.6548266781601,3,16.861934289770254,121339.10595037857
3268.606777713347,4,25.063130488341702,485636.6320071076
1117.927923803381,5,18.578250383070912,162434.84928340797
2356.5944838884843,5,9.443183185770192,365240.64044514985
1539.949095855456,5,7.0057526271205655,263815.5814959975
2296.280606792642,2,5.417505784217685,353090.6557494938
2558.835048550033,3,27.084201163836948,368334.56455486396
3040.302870009444,5,21.593927522143908,476295.30695615994
1357.3374337536288,5,28.1839747067653,175251.40923808073
829.6887373778973,2,18.495462365733346,91220.68723634661
1169.5912011857797,2,14.728625563352464,146566.38329989996
3230.050332989884,5,2.7317781801557905,557292.9416199994
3159.5032094187914,1,20.477626164834863,440564.81727909826
2413.0153758598326,5,17.884054033278705,376506.7842173179
2421.395523170864,5,29.71605791404102,354932.69992781786
2595.5990212748898,2,7.935604555685048,379155.2438055106
1273.502452283314,2,16.39138330331824,209527.9916147812
3268.9122539973914,5,19.877762718424105,508801.845759135
1930.6804172085974,5,19.693144067527964,301007.58504179266
1834.4740262736432,5,17.277512745503678,268510.95002702775
2201.077804263661,2,23.53091229948954,279861.1962074452
926.8081102926486,5,6.944455076277676,168954.15575922656
1248.9650956414143,5,22.04318880795806,179258.5508588594
2792.6907643512004,4,18.972302571559588,399610.12259862985
1023.5564033978414,1,26.986178242042627,102141.94363415986
2428.5106955592482,3,25.56863873197387,338810.76630442165
1462.4425961395666,1,10.139264134844044,211923.56956045228
1851.0981579133368,4,9.010882424279439,289564.5694109564
1579.4730892808898,3,29.46794639172099,187833.05671549088
1760.3163344553627,5,16.29069024654244,262007.6519553946
2741.4239439974626,4,27.28620795351867,420900.6302771058
1602.2286321825727,5,5.752549689633984,253794.04172088313
2329.292528801622,2,19.641748529205053,337374.02822765865
2085.336085937569,4,24.485945433456997,314219.44861920923
2591.9121464791497,2,28.474462238006957,349412.38797914516
3329.4402961768465,4,10.78286408949368,553206.8974156432
2777.9446624676757,4,22.024453927797524,422677.1713751103
1380.3390221950433,2,16.62557726214895,230657.7597710516
884.1944646654686,3,2.7582388559275777,144091.4119496677
1508.1129196095276,1,21.009992381959357,181518.04497964206
2406.710412890688,5,21.012800188897458,379531.70472940855
938.8496964074759,4,27.987597340549573,119622.94703363818
2140.188867443338,5,15.4220609389002,373897.5167365407
2411.475692075601,2,7.677276700604925,373200.808082749
1702.4585052057942,5,2.2923508800116954,279892.5896237114
2881.462950113719,2,13.053623413891264,391375.86751839484
1087.8152834611838,5,9.755584302247552,192096.35206781718
1002.8720106866837,1,23.07156087469239,112505.21726295311
2766.1096417497292,1,11.273765180390352,408644.2343678464
2137.826553756736,1,28.523064693130475,297841.6651523675
2658.686470354887,1,28.906995886645742,372571.2448598201
1974.0338142301148,1,19.006349116313533,256514.35325516146
1465.2854897455884,1,27.931148323431604,148054.13877888664
3011.576257720339,2,23.064775990920374,400924.46397602867
2958.422873216244,4,16.85892958827866,435309.5376994517
2675.6804713069523,5,6.228930127260566,431559.57948074135
1534.7918705208992,1,14.29934036190136,217721.3426336355
2393.6228005465355,2,17.26535943751591,328493.34926902887
1774.6295217380723,2,26.054885841315294,239692.49600034655
1047.2715979819122,2,14.958667919534282,154414.2067753993
3276.7466537480555,4,27.032565507660742,480313.7446988046
1169.4103034811958,5,20.556120391680597,161726.84479856427
3365.6408553161664,4,4.97297282855647,544256.7171450311
2004.2155869864805,3,29.854459710427697,312548.8112024511
